level,game_id,away_team,home_team,team,player_name,prediction,value,home_win_probability,away_win_probability,projected_home_score,projected_away_score,likely_score,batting_order,polymarket_status,polymarket_market_id,polymarket_slug,polymarket_question,polymarket_url,polymarket_away_probability,polymarket_home_probability,polymarket_favorite,home_probability_edge,away_probability_edge,polymarket_volume,polymarket_liquidity
game,4dfa8141-f8b7-5f6a-92dc-226e88c92282,NYN,COL,COL,,winner,COL,0.5365,0.4635,5.37,5.51,6-7,,no_match,,,,,,,,,,,
game,85b28ed8-3bc5-5586-abb1-2c3942c657b6,BOS,DET,DET,,winner,DET,0.6363,0.3637,4.65,4.77,5-6,,no_match,,,,,,,,,,,
game,e7a352f3-76a2-5427-9bfb-db7a7c4402c0,PHI,MIA,PHI,,winner,PHI,0.4794,0.5206,3.95,4.69,5-4,,no_match,,,,,,,,,,,
game,7421e3d6-f2eb-508e-8a61-7585db04e43b,TOR,TBA,TBA,,winner,TBA,0.5369,0.4631,4.05,4.14,4-5,,no_match,,,,,,,,,,,
game,d2d5e2ff-8f5a-5ae3-971f-97e722f3b0c4,BAL,NYA,NYA,,winner,NYA,0.5979,0.4021,4.58,4.06,4-5,,no_match,,,,,,,,,,,
game,0dee87a5-54dc-5ff0-9857-31a5693243c4,CIN,CHN,CHN,,winner,CHN,0.6816,0.3184,5.64,3.81,4-6,,no_match,,,,,,,,,,,
game,75ab0f75-3023-56e3-b92f-d3d7ed909085,CLE,KCA,KCA,,winner,KCA,0.5324,0.4676,4.03,4.72,5-6,,no_match,,,,,,,,,,,
game,d2745978-743a-5c37-baa1-a5327e351844,MIL,SLN,MIL,,winner,MIL,0.4791,0.5209,3.61,5.0,5-4,,no_match,,,,,,,,,,,
game,46d0303b-6ebe-555e-89cb-6806f7255158,LAN,HOU,LAN,,winner,LAN,0.4013,0.5987,3.77,5.77,6-4,,no_match,,,,,,,,,,,
game,75333f6b-fbae-58cb-8da2-fed3456c1d04,CHA,ANA,ANA,,winner,ANA,0.6387,0.3613,5.3,4.15,4-5,,no_match,,,,,,,,,,,
game,cb2680c9-3880-59c6-905f-7098d5d6540f,ATL,SEA,SEA,,winner,SEA,0.554,0.446,4.27,4.06,4-5,,no_match,,,,,,,,,,,
game,5b7cf12a-b2f8-5af7-a4fb-a7704b8e864f,SDN,SFN,SFN,,winner,SFN,0.5372,0.4628,4.49,4.97,5-6,,no_match,,,,,,,,,,,
pitcher,4dfa8141-f8b7-5f6a-92dc-226e88c92282,,,COL,Tomoyuki Sugano,strikeouts,3.56,,,,,,,,,,,,,,,,,,
pitcher,4dfa8141-f8b7-5f6a-92dc-226e88c92282,,,COL,Tomoyuki Sugano,walks,1.24,,,,,,,,,,,,,,,,,,
pitcher,4dfa8141-f8b7-5f6a-92dc-226e88c92282,,,NYN,Huascar Brazobán,strikeouts,1.46,,,,,,,,,,,,,,,,,,
pitcher,4dfa8141-f8b7-5f6a-92dc-226e88c92282,,,NYN,Huascar Brazobán,walks,0.97,,,,,,,,,,,,,,,,,,
pitcher,85b28ed8-3bc5-5586-abb1-2c3942c657b6,,,DET,Tyler Holton,strikeouts,2.16,,,,,,,,,,,,,,,,,,
pitcher,85b28ed8-3bc5-5586-abb1-2c3942c657b6,,,DET,Tyler Holton,walks,0.82,,,,,,,,,,,,,,,,,,
pitcher,85b28ed8-3bc5-5586-abb1-2c3942c657b6,,,BOS,Payton Tolle,strikeouts,4.07,,,,,,,,,,,,,,,,,,
pitcher,85b28ed8-3bc5-5586-abb1-2c3942c657b6,,,BOS,Payton Tolle,walks,1.86,,,,,,,,,,,,,,,,,,
pitcher,e7a352f3-76a2-5427-9bfb-db7a7c4402c0,,,MIA,Janson Junk,strikeouts,3.56,,,,,,,,,,,,,,,,,,
pitcher,e7a352f3-76a2-5427-9bfb-db7a7c4402c0,,,MIA,Janson Junk,walks,1.53,,,,,,,,,,,,,,,,,,
pitcher,e7a352f3-76a2-5427-9bfb-db7a7c4402c0,,,PHI,Aaron Nola,strikeouts,5.58,,,,,,,,,,,,,,,,,,
pitcher,e7a352f3-76a2-5427-9bfb-db7a7c4402c0,,,PHI,Aaron Nola,walks,1.39,,,,,,,,,,,,,,,,,,
pitcher,7421e3d6-f2eb-508e-8a61-7585db04e43b,,,TBA,Nick Martinez,strikeouts,3.3,,,,,,,,,,,,,,,,,,
pitcher,7421e3d6-f2eb-508e-8a61-7585db04e43b,,,TBA,Nick Martinez,walks,1.26,,,,,,,,,,,,,,,,,,
pitcher,7421e3d6-f2eb-508e-8a61-7585db04e43b,,,TOR,Eric Lauer,strikeouts,4.17,,,,,,,,,,,,,,,,,,
pitcher,7421e3d6-f2eb-508e-8a61-7585db04e43b,,,TOR,Eric Lauer,walks,1.81,,,,,,,,,,,,,,,,,,
pitcher,d2d5e2ff-8f5a-5ae3-971f-97e722f3b0c4,,,NYA,Cam Schlittler,strikeouts,6.7,,,,,,,,,,,,,,,,,,
pitcher,d2d5e2ff-8f5a-5ae3-971f-97e722f3b0c4,,,NYA,Cam Schlittler,walks,2.24,,,,,,,,,,,,,,,,,,
pitcher,d2d5e2ff-8f5a-5ae3-971f-97e722f3b0c4,,,BAL,Shane Baz,strikeouts,5.52,,,,,,,,,,,,,,,,,,
pitcher,d2d5e2ff-8f5a-5ae3-971f-97e722f3b0c4,,,BAL,Shane Baz,walks,2.09,,,,,,,,,,,,,,,,,,
pitcher,0dee87a5-54dc-5ff0-9857-31a5693243c4,,,CHN,Edward Cabrera,strikeouts,5.51,,,,,,,,,,,,,,,,,,
pitcher,0dee87a5-54dc-5ff0-9857-31a5693243c4,,,CHN,Edward Cabrera,walks,2.3,,,,,,,,,,,,,,,,,,
pitcher,0dee87a5-54dc-5ff0-9857-31a5693243c4,,,CIN,Chase Petty,strikeouts,3.44,,,,,,,,,,,,,,,,,,
pitcher,0dee87a5-54dc-5ff0-9857-31a5693243c4,,,CIN,Chase Petty,walks,2.36,,,,,,,,,,,,,,,,,,
pitcher,75ab0f75-3023-56e3-b92f-d3d7ed909085,,,KCA,Michael Wacha,strikeouts,3.4,,,,,,,,,,,,,,,,,,
pitcher,75ab0f75-3023-56e3-b92f-d3d7ed909085,,,KCA,Michael Wacha,walks,1.58,,,,,,,,,,,,,,,,,,
pitcher,75ab0f75-3023-56e3-b92f-d3d7ed909085,,,CLE,Tanner Bibee,strikeouts,4.52,,,,,,,,,,,,,,,,,,
pitcher,75ab0f75-3023-56e3-b92f-d3d7ed909085,,,CLE,Tanner Bibee,walks,1.89,,,,,,,,,,,,,,,,,,
pitcher,d2745978-743a-5c37-baa1-a5327e351844,,,SLN,Kyle Leahy,strikeouts,1.74,,,,,,,,,,,,,,,,,,
pitcher,d2745978-743a-5c37-baa1-a5327e351844,,,SLN,Kyle Leahy,walks,0.8,,,,,,,,,,,,,,,,,,
pitcher,d2745978-743a-5c37-baa1-a5327e351844,,,MIL,Chad Patrick,strikeouts,5.18,,,,,,,,,,,,,,,,,,
pitcher,d2745978-743a-5c37-baa1-a5327e351844,,,MIL,Chad Patrick,walks,1.6,,,,,,,,,,,,,,,,,,
pitcher,46d0303b-6ebe-555e-89cb-6806f7255158,,,HOU,Steven Okert,strikeouts,2.39,,,,,,,,,,,,,,,,,,
pitcher,46d0303b-6ebe-555e-89cb-6806f7255158,,,HOU,Steven Okert,walks,1.35,,,,,,,,,,,,,,,,,,
pitcher,46d0303b-6ebe-555e-89cb-6806f7255158,,,LAN,Yoshinobu Yamamoto,strikeouts,5.82,,,,,,,,,,,,,,,,,,
pitcher,46d0303b-6ebe-555e-89cb-6806f7255158,,,LAN,Yoshinobu Yamamoto,walks,1.56,,,,,,,,,,,,,,,,,,
pitcher,75333f6b-fbae-58cb-8da2-fed3456c1d04,,,ANA,José Soriano,strikeouts,4.87,,,,,,,,,,,,,,,,,,
pitcher,75333f6b-fbae-58cb-8da2-fed3456c1d04,,,ANA,José Soriano,walks,1.99,,,,,,,,,,,,,,,,,,
pitcher,75333f6b-fbae-58cb-8da2-fed3456c1d04,,,CHA,Davis Martin,strikeouts,3.9,,,,,,,,,,,,,,,,,,
pitcher,75333f6b-fbae-58cb-8da2-fed3456c1d04,,,CHA,Davis Martin,walks,2.1,,,,,,,,,,,,,,,,,,
pitcher,cb2680c9-3880-59c6-905f-7098d5d6540f,,,SEA,Logan Gilbert,strikeouts,5.58,,,,,,,,,,,,,,,,,,
pitcher,cb2680c9-3880-59c6-905f-7098d5d6540f,,,SEA,Logan Gilbert,walks,1.39,,,,,,,,,,,,,,,,,,
pitcher,cb2680c9-3880-59c6-905f-7098d5d6540f,,,ATL,JR Ritchie,strikeouts,3.02,,,,,,,,,,,,,,,,,,
pitcher,cb2680c9-3880-59c6-905f-7098d5d6540f,,,ATL,JR Ritchie,walks,1.9,,,,,,,,,,,,,,,,,,
pitcher,5b7cf12a-b2f8-5af7-a4fb-a7704b8e864f,,,SFN,Trevor McDonald,strikeouts,4.6,,,,,,,,,,,,,,,,,,
pitcher,5b7cf12a-b2f8-5af7-a4fb-a7704b8e864f,,,SFN,Trevor McDonald,walks,1.61,,,,,,,,,,,,,,,,,,
pitcher,5b7cf12a-b2f8-5af7-a4fb-a7704b8e864f,,,SDN,Randy Vásquez,strikeouts,2.94,,,,,,,,,,,,,,,,,,
pitcher,5b7cf12a-b2f8-5af7-a4fb-a7704b8e864f,,,SDN,Randy Vásquez,walks,1.56,,,,,,,,,,,,,,,,,,
batter,4dfa8141-f8b7-5f6a-92dc-226e88c92282,,,COL,Mickey Moniak,hits,1.02,,,,,,1.0,,,,,,,,,,,,
batter,4dfa8141-f8b7-5f6a-92dc-226e88c92282,,,COL,Mickey Moniak,strikeouts,1.09,,,,,,1.0,,,,,,,,,,,,
batter,4dfa8141-f8b7-5f6a-92dc-226e88c92282,,,COL,Mickey Moniak,walks,0.34,,,,,,1.0,,,,,,,,,,,,
batter,4dfa8141-f8b7-5f6a-92dc-226e88c92282,,,COL,Troy Johnston,hits,0.91,,,,,,2.0,,,,,,,,,,,,
batter,4dfa8141-f8b7-5f6a-92dc-226e88c92282,,,COL,Troy Johnston,strikeouts,0.87,,,,,,2.0,,,,,,,,,,,,
batter,4dfa8141-f8b7-5f6a-92dc-226e88c92282,,,COL,Troy Johnston,walks,0.32,,,,,,2.0,,,,,,,,,,,,
batter,4dfa8141-f8b7-5f6a-92dc-226e88c92282,,,COL,Willi Castro,hits,0.93,,,,,,3.0,,,,,,,,,,,,
batter,4dfa8141-f8b7-5f6a-92dc-226e88c92282,,,COL,Willi Castro,strikeouts,0.94,,,,,,3.0,,,,,,,,,,,,
batter,4dfa8141-f8b7-5f6a-92dc-226e88c92282,,,COL,Willi Castro,walks,0.38,,,,,,3.0,,,,,,,,,,,,
batter,4dfa8141-f8b7-5f6a-92dc-226e88c92282,,,COL,Tyler Freeman,hits,0.91,,,,,,4.0,,,,,,,,,,,,
batter,4dfa8141-f8b7-5f6a-92dc-226e88c92282,,,COL,Tyler Freeman,strikeouts,0.68,,,,,,4.0,,,,,,,,,,,,
batter,4dfa8141-f8b7-5f6a-92dc-226e88c92282,,,COL,Tyler Freeman,walks,0.37,,,,,,4.0,,,,,,,,,,,,
batter,4dfa8141-f8b7-5f6a-92dc-226e88c92282,,,COL,Edouard Julien,hits,0.82,,,,,,5.0,,,,,,,,,,,,
batter,4dfa8141-f8b7-5f6a-92dc-226e88c92282,,,COL,Edouard Julien,strikeouts,1.19,,,,,,5.0,,,,,,,,,,,,
batter,4dfa8141-f8b7-5f6a-92dc-226e88c92282,,,COL,Edouard Julien,walks,0.52,,,,,,5.0,,,,,,,,,,,,
batter,4dfa8141-f8b7-5f6a-92dc-226e88c92282,,,COL,Hunter Goodman,hits,0.96,,,,,,6.0,,,,,,,,,,,,
batter,4dfa8141-f8b7-5f6a-92dc-226e88c92282,,,COL,Hunter Goodman,strikeouts,1.01,,,,,,6.0,,,,,,,,,,,,
batter,4dfa8141-f8b7-5f6a-92dc-226e88c92282,,,COL,Hunter Goodman,walks,0.33,,,,,,6.0,,,,,,,,,,,,
batter,4dfa8141-f8b7-5f6a-92dc-226e88c92282,,,COL,Jordan Beck,hits,0.84,,,,,,7.0,,,,,,,,,,,,
batter,4dfa8141-f8b7-5f6a-92dc-226e88c92282,,,COL,Jordan Beck,strikeouts,1.11,,,,,,7.0,,,,,,,,,,,,
batter,4dfa8141-f8b7-5f6a-92dc-226e88c92282,,,COL,Jordan Beck,walks,0.36,,,,,,7.0,,,,,,,,,,,,
batter,4dfa8141-f8b7-5f6a-92dc-226e88c92282,,,COL,Brenton Doyle,hits,0.81,,,,,,8.0,,,,,,,,,,,,
batter,4dfa8141-f8b7-5f6a-92dc-226e88c92282,,,COL,Brenton Doyle,strikeouts,0.98,,,,,,8.0,,,,,,,,,,,,
batter,4dfa8141-f8b7-5f6a-92dc-226e88c92282,,,COL,Brenton Doyle,walks,0.34,,,,,,8.0,,,,,,,,,,,,
batter,4dfa8141-f8b7-5f6a-92dc-226e88c92282,,,COL,Ezequiel Tovar,hits,0.85,,,,,,9.0,,,,,,,,,,,,
batter,4dfa8141-f8b7-5f6a-92dc-226e88c92282,,,COL,Ezequiel Tovar,strikeouts,0.99,,,,,,9.0,,,,,,,,,,,,
batter,4dfa8141-f8b7-5f6a-92dc-226e88c92282,,,COL,Ezequiel Tovar,walks,0.22,,,,,,9.0,,,,,,,,,,,,
batter,4dfa8141-f8b7-5f6a-92dc-226e88c92282,,,NYN,Luis Torrens,hits,1.1,,,,,,1.0,,,,,,,,,,,,
batter,4dfa8141-f8b7-5f6a-92dc-226e88c92282,,,NYN,Luis Torrens,strikeouts,0.81,,,,,,1.0,,,,,,,,,,,,
batter,4dfa8141-f8b7-5f6a-92dc-226e88c92282,,,NYN,Luis Torrens,walks,0.31,,,,,,1.0,,,,,,,,,,,,
batter,4dfa8141-f8b7-5f6a-92dc-226e88c92282,,,NYN,Bo Bichette,hits,1.33,,,,,,2.0,,,,,,,,,,,,
batter,4dfa8141-f8b7-5f6a-92dc-226e88c92282,,,NYN,Bo Bichette,strikeouts,0.73,,,,,,2.0,,,,,,,,,,,,
batter,4dfa8141-f8b7-5f6a-92dc-226e88c92282,,,NYN,Bo Bichette,walks,0.25,,,,,,2.0,,,,,,,,,,,,
batter,4dfa8141-f8b7-5f6a-92dc-226e88c92282,,,NYN,Tyrone Taylor,hits,1.1,,,,,,3.0,,,,,,,,,,,,
batter,4dfa8141-f8b7-5f6a-92dc-226e88c92282,,,NYN,Tyrone Taylor,strikeouts,0.79,,,,,,3.0,,,,,,,,,,,,
batter,4dfa8141-f8b7-5f6a-92dc-226e88c92282,,,NYN,Tyrone Taylor,walks,0.25,,,,,,3.0,,,,,,,,,,,,
batter,4dfa8141-f8b7-5f6a-92dc-226e88c92282,,,NYN,Francisco Alvarez,hits,1.05,,,,,,4.0,,,,,,,,,,,,
batter,4dfa8141-f8b7-5f6a-92dc-226e88c92282,,,NYN,Francisco Alvarez,strikeouts,0.91,,,,,,4.0,,,,,,,,,,,,
batter,4dfa8141-f8b7-5f6a-92dc-226e88c92282,,,NYN,Francisco Alvarez,walks,0.37,,,,,,4.0,,,,,,,,,,,,
batter,4dfa8141-f8b7-5f6a-92dc-226e88c92282,,,NYN,Mark Vientos,hits,1.07,,,,,,5.0,,,,,,,,,,,,
batter,4dfa8141-f8b7-5f6a-92dc-226e88c92282,,,NYN,Mark Vientos,strikeouts,0.95,,,,,,5.0,,,,,,,,,,,,
batter,4dfa8141-f8b7-5f6a-92dc-226e88c92282,,,NYN,Mark Vientos,walks,0.28,,,,,,5.0,,,,,,,,,,,,
batter,4dfa8141-f8b7-5f6a-92dc-226e88c92282,,,NYN,Brett Baty,hits,1.01,,,,,,6.0,,,,,,,,,,,,
batter,4dfa8141-f8b7-5f6a-92dc-226e88c92282,,,NYN,Brett Baty,strikeouts,0.82,,,,,,6.0,,,,,,,,,,,,
batter,4dfa8141-f8b7-5f6a-92dc-226e88c92282,,,NYN,Brett Baty,walks,0.29,,,,,,6.0,,,,,,,,,,,,
batter,4dfa8141-f8b7-5f6a-92dc-226e88c92282,,,NYN,Carson Benge,hits,1.01,,,,,,7.0,,,,,,,,,,,,
batter,4dfa8141-f8b7-5f6a-92dc-226e88c92282,,,NYN,Carson Benge,strikeouts,0.73,,,,,,7.0,,,,,,,,,,,,
batter,4dfa8141-f8b7-5f6a-92dc-226e88c92282,,,NYN,Carson Benge,walks,0.26,,,,,,7.0,,,,,,,,,,,,
batter,4dfa8141-f8b7-5f6a-92dc-226e88c92282,,,NYN,Marcus Semien,hits,1.0,,,,,,8.0,,,,,,,,,,,,
batter,4dfa8141-f8b7-5f6a-92dc-226e88c92282,,,NYN,Marcus Semien,strikeouts,0.6,,,,,,8.0,,,,,,,,,,,,
batter,4dfa8141-f8b7-5f6a-92dc-226e88c92282,,,NYN,Marcus Semien,walks,0.37,,,,,,8.0,,,,,,,,,,,,
batter,4dfa8141-f8b7-5f6a-92dc-226e88c92282,,,NYN,MJ Melendez,hits,0.85,,,,,,9.0,,,,,,,,,,,,
batter,4dfa8141-f8b7-5f6a-92dc-226e88c92282,,,NYN,MJ Melendez,strikeouts,0.83,,,,,,9.0,,,,,,,,,,,,
batter,4dfa8141-f8b7-5f6a-92dc-226e88c92282,,,NYN,MJ Melendez,walks,0.35,,,,,,9.0,,,,,,,,,,,,
batter,85b28ed8-3bc5-5586-abb1-2c3942c657b6,,,DET,Hao-Yu  Lee,hits,0.92,,,,,,1.0,,,,,,,,,,,,
batter,85b28ed8-3bc5-5586-abb1-2c3942c657b6,,,DET,Hao-Yu  Lee,strikeouts,0.91,,,,,,1.0,,,,,,,,,,,,
batter,85b28ed8-3bc5-5586-abb1-2c3942c657b6,,,DET,Hao-Yu  Lee,walks,0.36,,,,,,1.0,,,,,,,,,,,,
batter,85b28ed8-3bc5-5586-abb1-2c3942c657b6,,,DET,Jahmai Jones,hits,0.88,,,,,,2.0,,,,,,,,,,,,
batter,85b28ed8-3bc5-5586-abb1-2c3942c657b6,,,DET,Jahmai Jones,strikeouts,1.2,,,,,,2.0,,,,,,,,,,,,
batter,85b28ed8-3bc5-5586-abb1-2c3942c657b6,,,DET,Jahmai Jones,walks,0.34,,,,,,2.0,,,,,,,,,,,,
batter,85b28ed8-3bc5-5586-abb1-2c3942c657b6,,,DET,Riley Greene,hits,0.93,,,,,,3.0,,,,,,,,,,,,
batter,85b28ed8-3bc5-5586-abb1-2c3942c657b6,,,DET,Riley Greene,strikeouts,1.15,,,,,,3.0,,,,,,,,,,,,
batter,85b28ed8-3bc5-5586-abb1-2c3942c657b6,,,DET,Riley Greene,walks,0.49,,,,,,3.0,,,,,,,,,,,,
batter,85b28ed8-3bc5-5586-abb1-2c3942c657b6,,,DET,Kerry Carpenter,hits,0.92,,,,,,4.0,,,,,,,,,,,,
batter,85b28ed8-3bc5-5586-abb1-2c3942c657b6,,,DET,Kerry Carpenter,strikeouts,1.1,,,,,,4.0,,,,,,,,,,,,
batter,85b28ed8-3bc5-5586-abb1-2c3942c657b6,,,DET,Kerry Carpenter,walks,0.35,,,,,,4.0,,,,,,,,,,,,
batter,85b28ed8-3bc5-5586-abb1-2c3942c657b6,,,DET,Zack Short,hits,0.77,,,,,,5.0,,,,,,,,,,,,
batter,85b28ed8-3bc5-5586-abb1-2c3942c657b6,,,DET,Zack Short,strikeouts,1.05,,,,,,5.0,,,,,,,,,,,,
batter,85b28ed8-3bc5-5586-abb1-2c3942c657b6,,,DET,Zack Short,walks,0.46,,,,,,5.0,,,,,,,,,,,,
batter,85b28ed8-3bc5-5586-abb1-2c3942c657b6,,,DET,Spencer Torkelson,hits,0.71,,,,,,6.0,,,,,,,,,,,,
batter,85b28ed8-3bc5-5586-abb1-2c3942c657b6,,,DET,Spencer Torkelson,strikeouts,1.04,,,,,,6.0,,,,,,,,,,,,
batter,85b28ed8-3bc5-5586-abb1-2c3942c657b6,,,DET,Spencer Torkelson,walks,0.58,,,,,,6.0,,,,,,,,,,,,
batter,85b28ed8-3bc5-5586-abb1-2c3942c657b6,,,DET,Matt Vierling,hits,0.82,,,,,,7.0,,,,,,,,,,,,
batter,85b28ed8-3bc5-5586-abb1-2c3942c657b6,,,DET,Matt Vierling,strikeouts,0.83,,,,,,7.0,,,,,,,,,,,,
batter,85b28ed8-3bc5-5586-abb1-2c3942c657b6,,,DET,Matt Vierling,walks,0.36,,,,,,7.0,,,,,,,,,,,,
batter,85b28ed8-3bc5-5586-abb1-2c3942c657b6,,,DET,Dillon Dingler,hits,0.81,,,,,,8.0,,,,,,,,,,,,
batter,85b28ed8-3bc5-5586-abb1-2c3942c657b6,,,DET,Dillon Dingler,strikeouts,0.89,,,,,,8.0,,,,,,,,,,,,
batter,85b28ed8-3bc5-5586-abb1-2c3942c657b6,,,DET,Dillon Dingler,walks,0.28,,,,,,8.0,,,,,,,,,,,,
batter,85b28ed8-3bc5-5586-abb1-2c3942c657b6,,,DET,Colt Keith,hits,0.78,,,,,,9.0,,,,,,,,,,,,
batter,85b28ed8-3bc5-5586-abb1-2c3942c657b6,,,DET,Colt Keith,strikeouts,0.78,,,,,,9.0,,,,,,,,,,,,
batter,85b28ed8-3bc5-5586-abb1-2c3942c657b6,,,DET,Colt Keith,walks,0.31,,,,,,9.0,,,,,,,,,,,,
batter,85b28ed8-3bc5-5586-abb1-2c3942c657b6,,,BOS,Roman Anthony,hits,1.02,,,,,,1.0,,,,,,,,,,,,
batter,85b28ed8-3bc5-5586-abb1-2c3942c657b6,,,BOS,Roman Anthony,strikeouts,1.24,,,,,,1.0,,,,,,,,,,,,
batter,85b28ed8-3bc5-5586-abb1-2c3942c657b6,,,BOS,Roman Anthony,walks,0.52,,,,,,1.0,,,,,,,,,,,,
batter,85b28ed8-3bc5-5586-abb1-2c3942c657b6,,,BOS,Willson Contreras,hits,0.89,,,,,,2.0,,,,,,,,,,,,
batter,85b28ed8-3bc5-5586-abb1-2c3942c657b6,,,BOS,Willson Contreras,strikeouts,1.07,,,,,,2.0,,,,,,,,,,,,
batter,85b28ed8-3bc5-5586-abb1-2c3942c657b6,,,BOS,Willson Contreras,walks,0.45,,,,,,2.0,,,,,,,,,,,,
batter,85b28ed8-3bc5-5586-abb1-2c3942c657b6,,,BOS,Trevor Story,hits,0.96,,,,,,3.0,,,,,,,,,,,,
batter,85b28ed8-3bc5-5586-abb1-2c3942c657b6,,,BOS,Trevor Story,strikeouts,1.21,,,,,,3.0,,,,,,,,,,,,
batter,85b28ed8-3bc5-5586-abb1-2c3942c657b6,,,BOS,Trevor Story,walks,0.33,,,,,,3.0,,,,,,,,,,,,
batter,85b28ed8-3bc5-5586-abb1-2c3942c657b6,,,BOS,Wilyer Abreu,hits,0.86,,,,,,4.0,,,,,,,,,,,,
batter,85b28ed8-3bc5-5586-abb1-2c3942c657b6,,,BOS,Wilyer Abreu,strikeouts,1.03,,,,,,4.0,,,,,,,,,,,,
batter,85b28ed8-3bc5-5586-abb1-2c3942c657b6,,,BOS,Wilyer Abreu,walks,0.35,,,,,,4.0,,,,,,,,,,,,
batter,85b28ed8-3bc5-5586-abb1-2c3942c657b6,,,BOS,Andruw Monasterio,hits,0.81,,,,,,5.0,,,,,,,,,,,,
batter,85b28ed8-3bc5-5586-abb1-2c3942c657b6,,,BOS,Andruw Monasterio,strikeouts,0.9,,,,,,5.0,,,,,,,,,,,,
batter,85b28ed8-3bc5-5586-abb1-2c3942c657b6,,,BOS,Andruw Monasterio,walks,0.28,,,,,,5.0,,,,,,,,,,,,
batter,85b28ed8-3bc5-5586-abb1-2c3942c657b6,,,BOS,Caleb Durbin,hits,0.89,,,,,,6.0,,,,,,,,,,,,
batter,85b28ed8-3bc5-5586-abb1-2c3942c657b6,,,BOS,Caleb Durbin,strikeouts,0.53,,,,,,6.0,,,,,,,,,,,,
batter,85b28ed8-3bc5-5586-abb1-2c3942c657b6,,,BOS,Caleb Durbin,walks,0.22,,,,,,6.0,,,,,,,,,,,,
batter,85b28ed8-3bc5-5586-abb1-2c3942c657b6,,,BOS,Carlos Narváez,hits,0.74,,,,,,7.0,,,,,,,,,,,,
batter,85b28ed8-3bc5-5586-abb1-2c3942c657b6,,,BOS,Carlos Narváez,strikeouts,1.01,,,,,,7.0,,,,,,,,,,,,
batter,85b28ed8-3bc5-5586-abb1-2c3942c657b6,,,BOS,Carlos Narváez,walks,0.3,,,,,,7.0,,,,,,,,,,,,
batter,85b28ed8-3bc5-5586-abb1-2c3942c657b6,,,BOS,Jarren Duran,hits,0.82,,,,,,8.0,,,,,,,,,,,,
batter,85b28ed8-3bc5-5586-abb1-2c3942c657b6,,,BOS,Jarren Duran,strikeouts,1.03,,,,,,8.0,,,,,,,,,,,,
batter,85b28ed8-3bc5-5586-abb1-2c3942c657b6,,,BOS,Jarren Duran,walks,0.29,,,,,,8.0,,,,,,,,,,,,
batter,85b28ed8-3bc5-5586-abb1-2c3942c657b6,,,BOS,Ceddanne Rafaela,hits,0.78,,,,,,9.0,,,,,,,,,,,,
batter,85b28ed8-3bc5-5586-abb1-2c3942c657b6,,,BOS,Ceddanne Rafaela,strikeouts,0.92,,,,,,9.0,,,,,,,,,,,,
batter,85b28ed8-3bc5-5586-abb1-2c3942c657b6,,,BOS,Ceddanne Rafaela,walks,0.17,,,,,,9.0,,,,,,,,,,,,
batter,e7a352f3-76a2-5427-9bfb-db7a7c4402c0,,,MIA,Christopher Morel,hits,0.9,,,,,,1.0,,,,,,,,,,,,
batter,e7a352f3-76a2-5427-9bfb-db7a7c4402c0,,,MIA,Christopher Morel,strikeouts,1.23,,,,,,1.0,,,,,,,,,,,,
batter,e7a352f3-76a2-5427-9bfb-db7a7c4402c0,,,MIA,Christopher Morel,walks,0.35,,,,,,1.0,,,,,,,,,,,,
batter,e7a352f3-76a2-5427-9bfb-db7a7c4402c0,,,MIA,Esteury Ruiz,hits,0.93,,,,,,2.0,,,,,,,,,,,,
batter,e7a352f3-76a2-5427-9bfb-db7a7c4402c0,,,MIA,Esteury Ruiz,strikeouts,0.97,,,,,,2.0,,,,,,,,,,,,
batter,e7a352f3-76a2-5427-9bfb-db7a7c4402c0,,,MIA,Esteury Ruiz,walks,0.22,,,,,,2.0,,,,,,,,,,,,
batter,e7a352f3-76a2-5427-9bfb-db7a7c4402c0,,,MIA,Jakob Marsee,hits,0.98,,,,,,3.0,,,,,,,,,,,,
batter,e7a352f3-76a2-5427-9bfb-db7a7c4402c0,,,MIA,Jakob Marsee,strikeouts,0.97,,,,,,3.0,,,,,,,,,,,,
batter,e7a352f3-76a2-5427-9bfb-db7a7c4402c0,,,MIA,Jakob Marsee,walks,0.39,,,,,,3.0,,,,,,,,,,,,
batter,e7a352f3-76a2-5427-9bfb-db7a7c4402c0,,,MIA,Javier Sanoja,hits,0.92,,,,,,4.0,,,,,,,,,,,,
batter,e7a352f3-76a2-5427-9bfb-db7a7c4402c0,,,MIA,Javier Sanoja,strikeouts,0.64,,,,,,4.0,,,,,,,,,,,,
batter,e7a352f3-76a2-5427-9bfb-db7a7c4402c0,,,MIA,Javier Sanoja,walks,0.22,,,,,,4.0,,,,,,,,,,,,
batter,e7a352f3-76a2-5427-9bfb-db7a7c4402c0,,,MIA,Xavier Edwards,hits,0.96,,,,,,5.0,,,,,,,,,,,,
batter,e7a352f3-76a2-5427-9bfb-db7a7c4402c0,,,MIA,Xavier Edwards,strikeouts,0.74,,,,,,5.0,,,,,,,,,,,,
batter,e7a352f3-76a2-5427-9bfb-db7a7c4402c0,,,MIA,Xavier Edwards,walks,0.37,,,,,,5.0,,,,,,,,,,,,
batter,e7a352f3-76a2-5427-9bfb-db7a7c4402c0,,,MIA,Graham Pauley,hits,0.74,,,,,,6.0,,,,,,,,,,,,
batter,e7a352f3-76a2-5427-9bfb-db7a7c4402c0,,,MIA,Graham Pauley,strikeouts,0.87,,,,,,6.0,,,,,,,,,,,,
batter,e7a352f3-76a2-5427-9bfb-db7a7c4402c0,,,MIA,Graham Pauley,walks,0.31,,,,,,6.0,,,,,,,,,,,,
batter,e7a352f3-76a2-5427-9bfb-db7a7c4402c0,,,MIA,Kyle Stowers,hits,0.77,,,,,,7.0,,,,,,,,,,,,
batter,e7a352f3-76a2-5427-9bfb-db7a7c4402c0,,,MIA,Kyle Stowers,strikeouts,1.18,,,,,,7.0,,,,,,,,,,,,
batter,e7a352f3-76a2-5427-9bfb-db7a7c4402c0,,,MIA,Kyle Stowers,walks,0.32,,,,,,7.0,,,,,,,,,,,,
batter,e7a352f3-76a2-5427-9bfb-db7a7c4402c0,,,MIA,Liam Hicks,hits,0.77,,,,,,8.0,,,,,,,,,,,,
batter,e7a352f3-76a2-5427-9bfb-db7a7c4402c0,,,MIA,Liam Hicks,strikeouts,0.68,,,,,,8.0,,,,,,,,,,,,
batter,e7a352f3-76a2-5427-9bfb-db7a7c4402c0,,,MIA,Liam Hicks,walks,0.33,,,,,,8.0,,,,,,,,,,,,
batter,e7a352f3-76a2-5427-9bfb-db7a7c4402c0,,,MIA,Owen Caissie,hits,0.64,,,,,,9.0,,,,,,,,,,,,
batter,e7a352f3-76a2-5427-9bfb-db7a7c4402c0,,,MIA,Owen Caissie,strikeouts,1.1,,,,,,9.0,,,,,,,,,,,,
batter,e7a352f3-76a2-5427-9bfb-db7a7c4402c0,,,MIA,Owen Caissie,walks,0.2,,,,,,9.0,,,,,,,,,,,,
batter,e7a352f3-76a2-5427-9bfb-db7a7c4402c0,,,PHI,Brandon Marsh,hits,1.04,,,,,,1.0,,,,,,,,,,,,
batter,e7a352f3-76a2-5427-9bfb-db7a7c4402c0,,,PHI,Brandon Marsh,strikeouts,1.1,,,,,,1.0,,,,,,,,,,,,
batter,e7a352f3-76a2-5427-9bfb-db7a7c4402c0,,,PHI,Brandon Marsh,walks,0.35,,,,,,1.0,,,,,,,,,,,,
batter,e7a352f3-76a2-5427-9bfb-db7a7c4402c0,,,PHI,Justin Crawford,hits,1.03,,,,,,2.0,,,,,,,,,,,,
batter,e7a352f3-76a2-5427-9bfb-db7a7c4402c0,,,PHI,Justin Crawford,strikeouts,0.83,,,,,,2.0,,,,,,,,,,,,
batter,e7a352f3-76a2-5427-9bfb-db7a7c4402c0,,,PHI,Justin Crawford,walks,0.26,,,,,,2.0,,,,,,,,,,,,
batter,e7a352f3-76a2-5427-9bfb-db7a7c4402c0,,,PHI,Bryce Harper,hits,1.03,,,,,,3.0,,,,,,,,,,,,
batter,e7a352f3-76a2-5427-9bfb-db7a7c4402c0,,,PHI,Bryce Harper,strikeouts,0.86,,,,,,3.0,,,,,,,,,,,,
batter,e7a352f3-76a2-5427-9bfb-db7a7c4402c0,,,PHI,Bryce Harper,walks,0.61,,,,,,3.0,,,,,,,,,,,,
batter,e7a352f3-76a2-5427-9bfb-db7a7c4402c0,,,PHI,Alec Bohm,hits,1.06,,,,,,4.0,,,,,,,,,,,,
batter,e7a352f3-76a2-5427-9bfb-db7a7c4402c0,,,PHI,Alec Bohm,strikeouts,0.67,,,,,,4.0,,,,,,,,,,,,
batter,e7a352f3-76a2-5427-9bfb-db7a7c4402c0,,,PHI,Alec Bohm,walks,0.26,,,,,,4.0,,,,,,,,,,,,
batter,e7a352f3-76a2-5427-9bfb-db7a7c4402c0,,,PHI,Bryson Stott,hits,0.97,,,,,,5.0,,,,,,,,,,,,
batter,e7a352f3-76a2-5427-9bfb-db7a7c4402c0,,,PHI,Bryson Stott,strikeouts,0.64,,,,,,5.0,,,,,,,,,,,,
batter,e7a352f3-76a2-5427-9bfb-db7a7c4402c0,,,PHI,Bryson Stott,walks,0.31,,,,,,5.0,,,,,,,,,,,,
batter,e7a352f3-76a2-5427-9bfb-db7a7c4402c0,,,PHI,Kyle Schwarber,hits,0.87,,,,,,6.0,,,,,,,,,,,,
batter,e7a352f3-76a2-5427-9bfb-db7a7c4402c0,,,PHI,Kyle Schwarber,strikeouts,1.13,,,,,,6.0,,,,,,,,,,,,
batter,e7a352f3-76a2-5427-9bfb-db7a7c4402c0,,,PHI,Kyle Schwarber,walks,0.58,,,,,,6.0,,,,,,,,,,,,
batter,e7a352f3-76a2-5427-9bfb-db7a7c4402c0,,,PHI,Garrett Stubbs,hits,0.82,,,,,,7.0,,,,,,,,,,,,
batter,e7a352f3-76a2-5427-9bfb-db7a7c4402c0,,,PHI,Garrett Stubbs,strikeouts,0.81,,,,,,7.0,,,,,,,,,,,,
batter,e7a352f3-76a2-5427-9bfb-db7a7c4402c0,,,PHI,Garrett Stubbs,walks,0.27,,,,,,7.0,,,,,,,,,,,,
batter,e7a352f3-76a2-5427-9bfb-db7a7c4402c0,,,PHI,Adolis García,hits,0.88,,,,,,8.0,,,,,,,,,,,,
batter,e7a352f3-76a2-5427-9bfb-db7a7c4402c0,,,PHI,Adolis García,strikeouts,0.98,,,,,,8.0,,,,,,,,,,,,
batter,e7a352f3-76a2-5427-9bfb-db7a7c4402c0,,,PHI,Adolis García,walks,0.26,,,,,,8.0,,,,,,,,,,,,
batter,e7a352f3-76a2-5427-9bfb-db7a7c4402c0,,,PHI,Trea Turner,hits,0.89,,,,,,9.0,,,,,,,,,,,,
batter,e7a352f3-76a2-5427-9bfb-db7a7c4402c0,,,PHI,Trea Turner,strikeouts,0.68,,,,,,9.0,,,,,,,,,,,,
batter,e7a352f3-76a2-5427-9bfb-db7a7c4402c0,,,PHI,Trea Turner,walks,0.25,,,,,,9.0,,,,,,,,,,,,
batter,7421e3d6-f2eb-508e-8a61-7585db04e43b,,,TBA,Taylor Walls,hits,0.87,,,,,,1.0,,,,,,,,,,,,
batter,7421e3d6-f2eb-508e-8a61-7585db04e43b,,,TBA,Taylor Walls,strikeouts,0.98,,,,,,1.0,,,,,,,,,,,,
batter,7421e3d6-f2eb-508e-8a61-7585db04e43b,,,TBA,Taylor Walls,walks,0.47,,,,,,1.0,,,,,,,,,,,,
batter,7421e3d6-f2eb-508e-8a61-7585db04e43b,,,TBA,Ryan Vilade,hits,0.88,,,,,,2.0,,,,,,,,,,,,
batter,7421e3d6-f2eb-508e-8a61-7585db04e43b,,,TBA,Ryan Vilade,strikeouts,0.98,,,,,,2.0,,,,,,,,,,,,
batter,7421e3d6-f2eb-508e-8a61-7585db04e43b,,,TBA,Ryan Vilade,walks,0.31,,,,,,2.0,,,,,,,,,,,,
batter,7421e3d6-f2eb-508e-8a61-7585db04e43b,,,TBA,Chandler Simpson,hits,1.09,,,,,,3.0,,,,,,,,,,,,
batter,7421e3d6-f2eb-508e-8a61-7585db04e43b,,,TBA,Chandler Simpson,strikeouts,0.45,,,,,,3.0,,,,,,,,,,,,
batter,7421e3d6-f2eb-508e-8a61-7585db04e43b,,,TBA,Chandler Simpson,walks,0.25,,,,,,3.0,,,,,,,,,,,,
batter,7421e3d6-f2eb-508e-8a61-7585db04e43b,,,TBA,Jonny DeLuca,hits,0.87,,,,,,4.0,,,,,,,,,,,,
batter,7421e3d6-f2eb-508e-8a61-7585db04e43b,,,TBA,Jonny DeLuca,strikeouts,0.84,,,,,,4.0,,,,,,,,,,,,
batter,7421e3d6-f2eb-508e-8a61-7585db04e43b,,,TBA,Jonny DeLuca,walks,0.3,,,,,,4.0,,,,,,,,,,,,
batter,7421e3d6-f2eb-508e-8a61-7585db04e43b,,,TBA,Jonathan Aranda,hits,0.86,,,,,,5.0,,,,,,,,,,,,
batter,7421e3d6-f2eb-508e-8a61-7585db04e43b,,,TBA,Jonathan Aranda,strikeouts,1.0,,,,,,5.0,,,,,,,,,,,,
batter,7421e3d6-f2eb-508e-8a61-7585db04e43b,,,TBA,Jonathan Aranda,walks,0.45,,,,,,5.0,,,,,,,,,,,,
batter,7421e3d6-f2eb-508e-8a61-7585db04e43b,,,TBA,Nick Fortes,hits,0.8,,,,,,6.0,,,,,,,,,,,,
batter,7421e3d6-f2eb-508e-8a61-7585db04e43b,,,TBA,Nick Fortes,strikeouts,0.67,,,,,,6.0,,,,,,,,,,,,
batter,7421e3d6-f2eb-508e-8a61-7585db04e43b,,,TBA,Nick Fortes,walks,0.24,,,,,,6.0,,,,,,,,,,,,
batter,7421e3d6-f2eb-508e-8a61-7585db04e43b,,,TBA,Yandy Díaz,hits,0.83,,,,,,7.0,,,,,,,,,,,,
batter,7421e3d6-f2eb-508e-8a61-7585db04e43b,,,TBA,Yandy Díaz,strikeouts,0.73,,,,,,7.0,,,,,,,,,,,,
batter,7421e3d6-f2eb-508e-8a61-7585db04e43b,,,TBA,Yandy Díaz,walks,0.44,,,,,,7.0,,,,,,,,,,,,
batter,7421e3d6-f2eb-508e-8a61-7585db04e43b,,,TBA,Ben Williamson,hits,0.79,,,,,,8.0,,,,,,,,,,,,
batter,7421e3d6-f2eb-508e-8a61-7585db04e43b,,,TBA,Ben Williamson,strikeouts,0.77,,,,,,8.0,,,,,,,,,,,,
batter,7421e3d6-f2eb-508e-8a61-7585db04e43b,,,TBA,Ben Williamson,walks,0.23,,,,,,8.0,,,,,,,,,,,,
batter,7421e3d6-f2eb-508e-8a61-7585db04e43b,,,TBA,Junior Caminero,hits,0.83,,,,,,9.0,,,,,,,,,,,,
batter,7421e3d6-f2eb-508e-8a61-7585db04e43b,,,TBA,Junior Caminero,strikeouts,0.77,,,,,,9.0,,,,,,,,,,,,
batter,7421e3d6-f2eb-508e-8a61-7585db04e43b,,,TBA,Junior Caminero,walks,0.3,,,,,,9.0,,,,,,,,,,,,
batter,7421e3d6-f2eb-508e-8a61-7585db04e43b,,,TOR,Ernie Clement,hits,1.11,,,,,,1.0,,,,,,,,,,,,
batter,7421e3d6-f2eb-508e-8a61-7585db04e43b,,,TOR,Ernie Clement,strikeouts,0.51,,,,,,1.0,,,,,,,,,,,,
batter,7421e3d6-f2eb-508e-8a61-7585db04e43b,,,TOR,Ernie Clement,walks,0.18,,,,,,1.0,,,,,,,,,,,,
batter,7421e3d6-f2eb-508e-8a61-7585db04e43b,,,TOR,Daulton Varsho,hits,0.97,,,,,,2.0,,,,,,,,,,,,
batter,7421e3d6-f2eb-508e-8a61-7585db04e43b,,,TOR,Daulton Varsho,strikeouts,1.0,,,,,,2.0,,,,,,,,,,,,
batter,7421e3d6-f2eb-508e-8a61-7585db04e43b,,,TOR,Daulton Varsho,walks,0.34,,,,,,2.0,,,,,,,,,,,,
batter,7421e3d6-f2eb-508e-8a61-7585db04e43b,,,TOR,Andrés Giménez,hits,1.01,,,,,,3.0,,,,,,,,,,,,
batter,7421e3d6-f2eb-508e-8a61-7585db04e43b,,,TOR,Andrés Giménez,strikeouts,0.77,,,,,,3.0,,,,,,,,,,,,
batter,7421e3d6-f2eb-508e-8a61-7585db04e43b,,,TOR,Andrés Giménez,walks,0.24,,,,,,3.0,,,,,,,,,,,,
batter,7421e3d6-f2eb-508e-8a61-7585db04e43b,,,TOR,Brandon Valenzuela,hits,0.92,,,,,,4.0,,,,,,,,,,,,
batter,7421e3d6-f2eb-508e-8a61-7585db04e43b,,,TOR,Brandon Valenzuela,strikeouts,0.85,,,,,,4.0,,,,,,,,,,,,
batter,7421e3d6-f2eb-508e-8a61-7585db04e43b,,,TOR,Brandon Valenzuela,walks,0.29,,,,,,4.0,,,,,,,,,,,,
batter,7421e3d6-f2eb-508e-8a61-7585db04e43b,,,TOR,Yohendrick Piñango,hits,0.91,,,,,,5.0,,,,,,,,,,,,
batter,7421e3d6-f2eb-508e-8a61-7585db04e43b,,,TOR,Yohendrick Piñango,strikeouts,0.84,,,,,,5.0,,,,,,,,,,,,
batter,7421e3d6-f2eb-508e-8a61-7585db04e43b,,,TOR,Yohendrick Piñango,walks,0.28,,,,,,5.0,,,,,,,,,,,,
batter,7421e3d6-f2eb-508e-8a61-7585db04e43b,,,TOR,Vladimir Guerrero Jr.,hits,0.99,,,,,,6.0,,,,,,,,,,,,
batter,7421e3d6-f2eb-508e-8a61-7585db04e43b,,,TOR,Vladimir Guerrero Jr.,strikeouts,0.65,,,,,,6.0,,,,,,,,,,,,
batter,7421e3d6-f2eb-508e-8a61-7585db04e43b,,,TOR,Vladimir Guerrero Jr.,walks,0.43,,,,,,6.0,,,,,,,,,,,,
batter,7421e3d6-f2eb-508e-8a61-7585db04e43b,,,TOR,Jesús Sánchez,hits,0.87,,,,,,7.0,,,,,,,,,,,,
batter,7421e3d6-f2eb-508e-8a61-7585db04e43b,,,TOR,Jesús Sánchez,strikeouts,0.95,,,,,,7.0,,,,,,,,,,,,
batter,7421e3d6-f2eb-508e-8a61-7585db04e43b,,,TOR,Jesús Sánchez,walks,0.31,,,,,,7.0,,,,,,,,,,,,
batter,7421e3d6-f2eb-508e-8a61-7585db04e43b,,,TOR,Myles Straw,hits,0.82,,,,,,8.0,,,,,,,,,,,,
batter,7421e3d6-f2eb-508e-8a61-7585db04e43b,,,TOR,Myles Straw,strikeouts,0.65,,,,,,8.0,,,,,,,,,,,,
batter,7421e3d6-f2eb-508e-8a61-7585db04e43b,,,TOR,Myles Straw,walks,0.31,,,,,,8.0,,,,,,,,,,,,
batter,7421e3d6-f2eb-508e-8a61-7585db04e43b,,,TOR,Kazuma Okamoto,hits,0.79,,,,,,9.0,,,,,,,,,,,,
batter,7421e3d6-f2eb-508e-8a61-7585db04e43b,,,TOR,Kazuma Okamoto,strikeouts,0.8,,,,,,9.0,,,,,,,,,,,,
batter,7421e3d6-f2eb-508e-8a61-7585db04e43b,,,TOR,Kazuma Okamoto,walks,0.26,,,,,,9.0,,,,,,,,,,,,
batter,d2d5e2ff-8f5a-5ae3-971f-97e722f3b0c4,,,NYA,José Caballero,hits,0.88,,,,,,1.0,,,,,,,,,,,,
batter,d2d5e2ff-8f5a-5ae3-971f-97e722f3b0c4,,,NYA,José Caballero,strikeouts,1.02,,,,,,1.0,,,,,,,,,,,,
batter,d2d5e2ff-8f5a-5ae3-971f-97e722f3b0c4,,,NYA,José Caballero,walks,0.36,,,,,,1.0,,,,,,,,,,,,
batter,d2d5e2ff-8f5a-5ae3-971f-97e722f3b0c4,,,NYA,Max Schuemann,hits,0.84,,,,,,2.0,,,,,,,,,,,,
batter,d2d5e2ff-8f5a-5ae3-971f-97e722f3b0c4,,,NYA,Max Schuemann,strikeouts,0.93,,,,,,2.0,,,,,,,,,,,,
batter,d2d5e2ff-8f5a-5ae3-971f-97e722f3b0c4,,,NYA,Max Schuemann,walks,0.41,,,,,,2.0,,,,,,,,,,,,
batter,d2d5e2ff-8f5a-5ae3-971f-97e722f3b0c4,,,NYA,Aaron Judge,hits,0.91,,,,,,3.0,,,,,,,,,,,,
batter,d2d5e2ff-8f5a-5ae3-971f-97e722f3b0c4,,,NYA,Aaron Judge,strikeouts,1.18,,,,,,3.0,,,,,,,,,,,,
batter,d2d5e2ff-8f5a-5ae3-971f-97e722f3b0c4,,,NYA,Aaron Judge,walks,0.75,,,,,,3.0,,,,,,,,,,,,
batter,d2d5e2ff-8f5a-5ae3-971f-97e722f3b0c4,,,NYA,Ryan McMahon,hits,0.81,,,,,,4.0,,,,,,,,,,,,
batter,d2d5e2ff-8f5a-5ae3-971f-97e722f3b0c4,,,NYA,Ryan McMahon,strikeouts,1.19,,,,,,4.0,,,,,,,,,,,,
batter,d2d5e2ff-8f5a-5ae3-971f-97e722f3b0c4,,,NYA,Ryan McMahon,walks,0.48,,,,,,4.0,,,,,,,,,,,,
batter,d2d5e2ff-8f5a-5ae3-971f-97e722f3b0c4,,,NYA,Paul Goldschmidt,hits,0.92,,,,,,5.0,,,,,,,,,,,,
batter,d2d5e2ff-8f5a-5ae3-971f-97e722f3b0c4,,,NYA,Paul Goldschmidt,strikeouts,0.97,,,,,,5.0,,,,,,,,,,,,
batter,d2d5e2ff-8f5a-5ae3-971f-97e722f3b0c4,,,NYA,Paul Goldschmidt,walks,0.51,,,,,,5.0,,,,,,,,,,,,
batter,d2d5e2ff-8f5a-5ae3-971f-97e722f3b0c4,,,NYA,Jasson Domínguez,hits,0.74,,,,,,6.0,,,,,,,,,,,,
batter,d2d5e2ff-8f5a-5ae3-971f-97e722f3b0c4,,,NYA,Jasson Domínguez,strikeouts,1.16,,,,,,6.0,,,,,,,,,,,,
batter,d2d5e2ff-8f5a-5ae3-971f-97e722f3b0c4,,,NYA,Jasson Domínguez,walks,0.42,,,,,,6.0,,,,,,,,,,,,
batter,d2d5e2ff-8f5a-5ae3-971f-97e722f3b0c4,,,NYA,Austin Wells,hits,0.71,,,,,,7.0,,,,,,,,,,,,
batter,d2d5e2ff-8f5a-5ae3-971f-97e722f3b0c4,,,NYA,Austin Wells,strikeouts,0.95,,,,,,7.0,,,,,,,,,,,,
batter,d2d5e2ff-8f5a-5ae3-971f-97e722f3b0c4,,,NYA,Austin Wells,walks,0.32,,,,,,7.0,,,,,,,,,,,,
batter,d2d5e2ff-8f5a-5ae3-971f-97e722f3b0c4,,,NYA,Cody Bellinger,hits,0.74,,,,,,8.0,,,,,,,,,,,,
batter,d2d5e2ff-8f5a-5ae3-971f-97e722f3b0c4,,,NYA,Cody Bellinger,strikeouts,0.85,,,,,,8.0,,,,,,,,,,,,
batter,d2d5e2ff-8f5a-5ae3-971f-97e722f3b0c4,,,NYA,Cody Bellinger,walks,0.41,,,,,,8.0,,,,,,,,,,,,
batter,d2d5e2ff-8f5a-5ae3-971f-97e722f3b0c4,,,NYA,Jazz Chisholm Jr.,hits,0.7,,,,,,9.0,,,,,,,,,,,,
batter,d2d5e2ff-8f5a-5ae3-971f-97e722f3b0c4,,,NYA,Jazz Chisholm Jr.,strikeouts,1.05,,,,,,9.0,,,,,,,,,,,,
batter,d2d5e2ff-8f5a-5ae3-971f-97e722f3b0c4,,,NYA,Jazz Chisholm Jr.,walks,0.34,,,,,,9.0,,,,,,,,,,,,
batter,d2d5e2ff-8f5a-5ae3-971f-97e722f3b0c4,,,BAL,Jeremiah Jackson,hits,0.99,,,,,,1.0,,,,,,,,,,,,
batter,d2d5e2ff-8f5a-5ae3-971f-97e722f3b0c4,,,BAL,Jeremiah Jackson,strikeouts,1.25,,,,,,1.0,,,,,,,,,,,,
batter,d2d5e2ff-8f5a-5ae3-971f-97e722f3b0c4,,,BAL,Jeremiah Jackson,walks,0.31,,,,,,1.0,,,,,,,,,,,,
batter,d2d5e2ff-8f5a-5ae3-971f-97e722f3b0c4,,,BAL,Samuel Basallo,hits,0.8,,,,,,2.0,,,,,,,,,,,,
batter,d2d5e2ff-8f5a-5ae3-971f-97e722f3b0c4,,,BAL,Samuel Basallo,strikeouts,1.28,,,,,,2.0,,,,,,,,,,,,
batter,d2d5e2ff-8f5a-5ae3-971f-97e722f3b0c4,,,BAL,Samuel Basallo,walks,0.3,,,,,,2.0,,,,,,,,,,,,
batter,d2d5e2ff-8f5a-5ae3-971f-97e722f3b0c4,,,BAL,Gunnar Henderson,hits,0.92,,,,,,3.0,,,,,,,,,,,,
batter,d2d5e2ff-8f5a-5ae3-971f-97e722f3b0c4,,,BAL,Gunnar Henderson,strikeouts,1.12,,,,,,3.0,,,,,,,,,,,,
batter,d2d5e2ff-8f5a-5ae3-971f-97e722f3b0c4,,,BAL,Gunnar Henderson,walks,0.47,,,,,,3.0,,,,,,,,,,,,
batter,d2d5e2ff-8f5a-5ae3-971f-97e722f3b0c4,,,BAL,Leody Taveras,hits,0.8,,,,,,4.0,,,,,,,,,,,,
batter,d2d5e2ff-8f5a-5ae3-971f-97e722f3b0c4,,,BAL,Leody Taveras,strikeouts,1.1,,,,,,4.0,,,,,,,,,,,,
batter,d2d5e2ff-8f5a-5ae3-971f-97e722f3b0c4,,,BAL,Leody Taveras,walks,0.33,,,,,,4.0,,,,,,,,,,,,
batter,d2d5e2ff-8f5a-5ae3-971f-97e722f3b0c4,,,BAL,Dylan Beavers,hits,0.73,,,,,,5.0,,,,,,,,,,,,
batter,d2d5e2ff-8f5a-5ae3-971f-97e722f3b0c4,,,BAL,Dylan Beavers,strikeouts,1.21,,,,,,5.0,,,,,,,,,,,,
batter,d2d5e2ff-8f5a-5ae3-971f-97e722f3b0c4,,,BAL,Dylan Beavers,walks,0.51,,,,,,5.0,,,,,,,,,,,,
batter,d2d5e2ff-8f5a-5ae3-971f-97e722f3b0c4,,,BAL,Adley Rutschman,hits,0.82,,,,,,6.0,,,,,,,,,,,,
batter,d2d5e2ff-8f5a-5ae3-971f-97e722f3b0c4,,,BAL,Adley Rutschman,strikeouts,0.83,,,,,,6.0,,,,,,,,,,,,
batter,d2d5e2ff-8f5a-5ae3-971f-97e722f3b0c4,,,BAL,Adley Rutschman,walks,0.49,,,,,,6.0,,,,,,,,,,,,
batter,d2d5e2ff-8f5a-5ae3-971f-97e722f3b0c4,,,BAL,Blaze Alexander,hits,0.68,,,,,,7.0,,,,,,,,,,,,
batter,d2d5e2ff-8f5a-5ae3-971f-97e722f3b0c4,,,BAL,Blaze Alexander,strikeouts,1.26,,,,,,7.0,,,,,,,,,,,,
batter,d2d5e2ff-8f5a-5ae3-971f-97e722f3b0c4,,,BAL,Blaze Alexander,walks,0.36,,,,,,7.0,,,,,,,,,,,,
batter,d2d5e2ff-8f5a-5ae3-971f-97e722f3b0c4,,,BAL,Pete Alonso,hits,0.72,,,,,,8.0,,,,,,,,,,,,
batter,d2d5e2ff-8f5a-5ae3-971f-97e722f3b0c4,,,BAL,Pete Alonso,strikeouts,1.1,,,,,,8.0,,,,,,,,,,,,
batter,d2d5e2ff-8f5a-5ae3-971f-97e722f3b0c4,,,BAL,Pete Alonso,walks,0.48,,,,,,8.0,,,,,,,,,,,,
batter,d2d5e2ff-8f5a-5ae3-971f-97e722f3b0c4,,,BAL,Colton Cowser,hits,0.62,,,,,,9.0,,,,,,,,,,,,
batter,d2d5e2ff-8f5a-5ae3-971f-97e722f3b0c4,,,BAL,Colton Cowser,strikeouts,1.33,,,,,,9.0,,,,,,,,,,,,
batter,d2d5e2ff-8f5a-5ae3-971f-97e722f3b0c4,,,BAL,Colton Cowser,walks,0.41,,,,,,9.0,,,,,,,,,,,,
batter,0dee87a5-54dc-5ff0-9857-31a5693243c4,,,CHN,Michael Conforto,hits,0.88,,,,,,1.0,,,,,,,,,,,,
batter,0dee87a5-54dc-5ff0-9857-31a5693243c4,,,CHN,Michael Conforto,strikeouts,0.98,,,,,,1.0,,,,,,,,,,,,
batter,0dee87a5-54dc-5ff0-9857-31a5693243c4,,,CHN,Michael Conforto,walks,0.62,,,,,,1.0,,,,,,,,,,,,
batter,0dee87a5-54dc-5ff0-9857-31a5693243c4,,,CHN,Ian Happ,hits,0.92,,,,,,2.0,,,,,,,,,,,,
batter,0dee87a5-54dc-5ff0-9857-31a5693243c4,,,CHN,Ian Happ,strikeouts,1.05,,,,,,2.0,,,,,,,,,,,,
batter,0dee87a5-54dc-5ff0-9857-31a5693243c4,,,CHN,Ian Happ,walks,0.66,,,,,,2.0,,,,,,,,,,,,
batter,0dee87a5-54dc-5ff0-9857-31a5693243c4,,,CHN,Alex Bregman,hits,0.99,,,,,,3.0,,,,,,,,,,,,
batter,0dee87a5-54dc-5ff0-9857-31a5693243c4,,,CHN,Alex Bregman,strikeouts,0.57,,,,,,3.0,,,,,,,,,,,,
batter,0dee87a5-54dc-5ff0-9857-31a5693243c4,,,CHN,Alex Bregman,walks,0.66,,,,,,3.0,,,,,,,,,,,,
batter,0dee87a5-54dc-5ff0-9857-31a5693243c4,,,CHN,Michael Busch,hits,0.89,,,,,,4.0,,,,,,,,,,,,
batter,0dee87a5-54dc-5ff0-9857-31a5693243c4,,,CHN,Michael Busch,strikeouts,0.97,,,,,,4.0,,,,,,,,,,,,
batter,0dee87a5-54dc-5ff0-9857-31a5693243c4,,,CHN,Michael Busch,walks,0.55,,,,,,4.0,,,,,,,,,,,,
batter,0dee87a5-54dc-5ff0-9857-31a5693243c4,,,CHN,Carson Kelly,hits,0.84,,,,,,5.0,,,,,,,,,,,,
batter,0dee87a5-54dc-5ff0-9857-31a5693243c4,,,CHN,Carson Kelly,strikeouts,0.75,,,,,,5.0,,,,,,,,,,,,
batter,0dee87a5-54dc-5ff0-9857-31a5693243c4,,,CHN,Carson Kelly,walks,0.48,,,,,,5.0,,,,,,,,,,,,
batter,0dee87a5-54dc-5ff0-9857-31a5693243c4,,,CHN,Pete Crow-Armstrong,hits,0.9,,,,,,6.0,,,,,,,,,,,,
batter,0dee87a5-54dc-5ff0-9857-31a5693243c4,,,CHN,Pete Crow-Armstrong,strikeouts,0.84,,,,,,6.0,,,,,,,,,,,,
batter,0dee87a5-54dc-5ff0-9857-31a5693243c4,,,CHN,Pete Crow-Armstrong,walks,0.31,,,,,,6.0,,,,,,,,,,,,
batter,0dee87a5-54dc-5ff0-9857-31a5693243c4,,,CHN,Moisés Ballesteros,hits,0.83,,,,,,7.0,,,,,,,,,,,,
batter,0dee87a5-54dc-5ff0-9857-31a5693243c4,,,CHN,Moisés Ballesteros,strikeouts,0.77,,,,,,7.0,,,,,,,,,,,,
batter,0dee87a5-54dc-5ff0-9857-31a5693243c4,,,CHN,Moisés Ballesteros,walks,0.42,,,,,,7.0,,,,,,,,,,,,
batter,0dee87a5-54dc-5ff0-9857-31a5693243c4,,,CHN,Seiya Suzuki,hits,0.81,,,,,,8.0,,,,,,,,,,,,
batter,0dee87a5-54dc-5ff0-9857-31a5693243c4,,,CHN,Seiya Suzuki,strikeouts,0.9,,,,,,8.0,,,,,,,,,,,,
batter,0dee87a5-54dc-5ff0-9857-31a5693243c4,,,CHN,Seiya Suzuki,walks,0.56,,,,,,8.0,,,,,,,,,,,,
batter,0dee87a5-54dc-5ff0-9857-31a5693243c4,,,CHN,Dansby Swanson,hits,0.75,,,,,,9.0,,,,,,,,,,,,
batter,0dee87a5-54dc-5ff0-9857-31a5693243c4,,,CHN,Dansby Swanson,strikeouts,0.83,,,,,,9.0,,,,,,,,,,,,
batter,0dee87a5-54dc-5ff0-9857-31a5693243c4,,,CHN,Dansby Swanson,walks,0.48,,,,,,9.0,,,,,,,,,,,,
batter,0dee87a5-54dc-5ff0-9857-31a5693243c4,,,CIN,Elly De La Cruz,hits,0.95,,,,,,1.0,,,,,,,,,,,,
batter,0dee87a5-54dc-5ff0-9857-31a5693243c4,,,CIN,Elly De La Cruz,strikeouts,1.32,,,,,,1.0,,,,,,,,,,,,
batter,0dee87a5-54dc-5ff0-9857-31a5693243c4,,,CIN,Elly De La Cruz,walks,0.55,,,,,,1.0,,,,,,,,,,,,
batter,0dee87a5-54dc-5ff0-9857-31a5693243c4,,,CIN,Dane Myers,hits,0.88,,,,,,2.0,,,,,,,,,,,,
batter,0dee87a5-54dc-5ff0-9857-31a5693243c4,,,CIN,Dane Myers,strikeouts,1.05,,,,,,2.0,,,,,,,,,,,,
batter,0dee87a5-54dc-5ff0-9857-31a5693243c4,,,CIN,Dane Myers,walks,0.33,,,,,,2.0,,,,,,,,,,,,
batter,0dee87a5-54dc-5ff0-9857-31a5693243c4,,,CIN,Sal Stewart,hits,0.92,,,,,,3.0,,,,,,,,,,,,
batter,0dee87a5-54dc-5ff0-9857-31a5693243c4,,,CIN,Sal Stewart,strikeouts,0.98,,,,,,3.0,,,,,,,,,,,,
batter,0dee87a5-54dc-5ff0-9857-31a5693243c4,,,CIN,Sal Stewart,walks,0.34,,,,,,3.0,,,,,,,,,,,,
batter,0dee87a5-54dc-5ff0-9857-31a5693243c4,,,CIN,Nathaniel Lowe,hits,0.82,,,,,,4.0,,,,,,,,,,,,
batter,0dee87a5-54dc-5ff0-9857-31a5693243c4,,,CIN,Nathaniel Lowe,strikeouts,1.17,,,,,,4.0,,,,,,,,,,,,
batter,0dee87a5-54dc-5ff0-9857-31a5693243c4,,,CIN,Nathaniel Lowe,walks,0.53,,,,,,4.0,,,,,,,,,,,,
batter,0dee87a5-54dc-5ff0-9857-31a5693243c4,,,CIN,Matt McLain,hits,0.82,,,,,,5.0,,,,,,,,,,,,
batter,0dee87a5-54dc-5ff0-9857-31a5693243c4,,,CIN,Matt McLain,strikeouts,1.26,,,,,,5.0,,,,,,,,,,,,
batter,0dee87a5-54dc-5ff0-9857-31a5693243c4,,,CIN,Matt McLain,walks,0.47,,,,,,5.0,,,,,,,,,,,,
batter,0dee87a5-54dc-5ff0-9857-31a5693243c4,,,CIN,Ke'Bryan Hayes,hits,0.85,,,,,,6.0,,,,,,,,,,,,
batter,0dee87a5-54dc-5ff0-9857-31a5693243c4,,,CIN,Ke'Bryan Hayes,strikeouts,0.94,,,,,,6.0,,,,,,,,,,,,
batter,0dee87a5-54dc-5ff0-9857-31a5693243c4,,,CIN,Ke'Bryan Hayes,walks,0.35,,,,,,6.0,,,,,,,,,,,,
batter,0dee87a5-54dc-5ff0-9857-31a5693243c4,,,CIN,Will Benson,hits,0.67,,,,,,7.0,,,,,,,,,,,,
batter,0dee87a5-54dc-5ff0-9857-31a5693243c4,,,CIN,Will Benson,strikeouts,1.25,,,,,,7.0,,,,,,,,,,,,
batter,0dee87a5-54dc-5ff0-9857-31a5693243c4,,,CIN,Will Benson,walks,0.41,,,,,,7.0,,,,,,,,,,,,
batter,0dee87a5-54dc-5ff0-9857-31a5693243c4,,,CIN,TJ Friedl,hits,0.77,,,,,,8.0,,,,,,,,,,,,
batter,0dee87a5-54dc-5ff0-9857-31a5693243c4,,,CIN,TJ Friedl,strikeouts,0.77,,,,,,8.0,,,,,,,,,,,,
batter,0dee87a5-54dc-5ff0-9857-31a5693243c4,,,CIN,TJ Friedl,walks,0.45,,,,,,8.0,,,,,,,,,,,,
batter,0dee87a5-54dc-5ff0-9857-31a5693243c4,,,CIN,Blake Dunn,hits,0.55,,,,,,9.0,,,,,,,,,,,,
batter,0dee87a5-54dc-5ff0-9857-31a5693243c4,,,CIN,Blake Dunn,strikeouts,1.29,,,,,,9.0,,,,,,,,,,,,
batter,0dee87a5-54dc-5ff0-9857-31a5693243c4,,,CIN,Blake Dunn,walks,0.38,,,,,,9.0,,,,,,,,,,,,
batter,75ab0f75-3023-56e3-b92f-d3d7ed909085,,,KCA,Carter Jensen,hits,1.05,,,,,,1.0,,,,,,,,,,,,
batter,75ab0f75-3023-56e3-b92f-d3d7ed909085,,,KCA,Carter Jensen,strikeouts,0.74,,,,,,1.0,,,,,,,,,,,,
batter,75ab0f75-3023-56e3-b92f-d3d7ed909085,,,KCA,Carter Jensen,walks,0.42,,,,,,1.0,,,,,,,,,,,,
batter,75ab0f75-3023-56e3-b92f-d3d7ed909085,,,KCA,Isaac Collins,hits,0.91,,,,,,2.0,,,,,,,,,,,,
batter,75ab0f75-3023-56e3-b92f-d3d7ed909085,,,KCA,Isaac Collins,strikeouts,0.94,,,,,,2.0,,,,,,,,,,,,
batter,75ab0f75-3023-56e3-b92f-d3d7ed909085,,,KCA,Isaac Collins,walks,0.46,,,,,,2.0,,,,,,,,,,,,
batter,75ab0f75-3023-56e3-b92f-d3d7ed909085,,,KCA,Salvador Perez,hits,0.98,,,,,,3.0,,,,,,,,,,,,
batter,75ab0f75-3023-56e3-b92f-d3d7ed909085,,,KCA,Salvador Perez,strikeouts,0.97,,,,,,3.0,,,,,,,,,,,,
batter,75ab0f75-3023-56e3-b92f-d3d7ed909085,,,KCA,Salvador Perez,walks,0.22,,,,,,3.0,,,,,,,,,,,,
batter,75ab0f75-3023-56e3-b92f-d3d7ed909085,,,KCA,Nick Loftin,hits,0.87,,,,,,4.0,,,,,,,,,,,,
batter,75ab0f75-3023-56e3-b92f-d3d7ed909085,,,KCA,Nick Loftin,strikeouts,0.63,,,,,,4.0,,,,,,,,,,,,
batter,75ab0f75-3023-56e3-b92f-d3d7ed909085,,,KCA,Nick Loftin,walks,0.31,,,,,,4.0,,,,,,,,,,,,
batter,75ab0f75-3023-56e3-b92f-d3d7ed909085,,,KCA,Vinnie Pasquantino,hits,0.94,,,,,,5.0,,,,,,,,,,,,
batter,75ab0f75-3023-56e3-b92f-d3d7ed909085,,,KCA,Vinnie Pasquantino,strikeouts,0.62,,,,,,5.0,,,,,,,,,,,,
batter,75ab0f75-3023-56e3-b92f-d3d7ed909085,,,KCA,Vinnie Pasquantino,walks,0.33,,,,,,5.0,,,,,,,,,,,,
batter,75ab0f75-3023-56e3-b92f-d3d7ed909085,,,KCA,Maikel Garcia,hits,0.93,,,,,,6.0,,,,,,,,,,,,
batter,75ab0f75-3023-56e3-b92f-d3d7ed909085,,,KCA,Maikel Garcia,strikeouts,0.75,,,,,,6.0,,,,,,,,,,,,
batter,75ab0f75-3023-56e3-b92f-d3d7ed909085,,,KCA,Maikel Garcia,walks,0.31,,,,,,6.0,,,,,,,,,,,,
batter,75ab0f75-3023-56e3-b92f-d3d7ed909085,,,KCA,Lane Thomas,hits,0.81,,,,,,7.0,,,,,,,,,,,,
batter,75ab0f75-3023-56e3-b92f-d3d7ed909085,,,KCA,Lane Thomas,strikeouts,1.04,,,,,,7.0,,,,,,,,,,,,
batter,75ab0f75-3023-56e3-b92f-d3d7ed909085,,,KCA,Lane Thomas,walks,0.3,,,,,,7.0,,,,,,,,,,,,
batter,75ab0f75-3023-56e3-b92f-d3d7ed909085,,,KCA,Jac Caglianone,hits,0.71,,,,,,8.0,,,,,,,,,,,,
batter,75ab0f75-3023-56e3-b92f-d3d7ed909085,,,KCA,Jac Caglianone,strikeouts,0.84,,,,,,8.0,,,,,,,,,,,,
batter,75ab0f75-3023-56e3-b92f-d3d7ed909085,,,KCA,Jac Caglianone,walks,0.28,,,,,,8.0,,,,,,,,,,,,
batter,75ab0f75-3023-56e3-b92f-d3d7ed909085,,,KCA,Bobby Witt Jr.,hits,0.87,,,,,,9.0,,,,,,,,,,,,
batter,75ab0f75-3023-56e3-b92f-d3d7ed909085,,,KCA,Bobby Witt Jr.,strikeouts,0.74,,,,,,9.0,,,,,,,,,,,,
batter,75ab0f75-3023-56e3-b92f-d3d7ed909085,,,KCA,Bobby Witt Jr.,walks,0.26,,,,,,9.0,,,,,,,,,,,,
batter,75ab0f75-3023-56e3-b92f-d3d7ed909085,,,CLE,Travis Bazzana,hits,0.99,,,,,,1.0,,,,,,,,,,,,
batter,75ab0f75-3023-56e3-b92f-d3d7ed909085,,,CLE,Travis Bazzana,strikeouts,0.87,,,,,,1.0,,,,,,,,,,,,
batter,75ab0f75-3023-56e3-b92f-d3d7ed909085,,,CLE,Travis Bazzana,walks,0.31,,,,,,1.0,,,,,,,,,,,,
batter,75ab0f75-3023-56e3-b92f-d3d7ed909085,,,CLE,Daniel Schneemann,hits,0.93,,,,,,2.0,,,,,,,,,,,,
batter,75ab0f75-3023-56e3-b92f-d3d7ed909085,,,CLE,Daniel Schneemann,strikeouts,1.04,,,,,,2.0,,,,,,,,,,,,
batter,75ab0f75-3023-56e3-b92f-d3d7ed909085,,,CLE,Daniel Schneemann,walks,0.38,,,,,,2.0,,,,,,,,,,,,
batter,75ab0f75-3023-56e3-b92f-d3d7ed909085,,,CLE,Brayan Rocchio,hits,0.94,,,,,,3.0,,,,,,,,,,,,
batter,75ab0f75-3023-56e3-b92f-d3d7ed909085,,,CLE,Brayan Rocchio,strikeouts,0.77,,,,,,3.0,,,,,,,,,,,,
batter,75ab0f75-3023-56e3-b92f-d3d7ed909085,,,CLE,Brayan Rocchio,walks,0.32,,,,,,3.0,,,,,,,,,,,,
batter,75ab0f75-3023-56e3-b92f-d3d7ed909085,,,CLE,Bo Naylor,hits,0.88,,,,,,4.0,,,,,,,,,,,,
batter,75ab0f75-3023-56e3-b92f-d3d7ed909085,,,CLE,Bo Naylor,strikeouts,0.96,,,,,,4.0,,,,,,,,,,,,
batter,75ab0f75-3023-56e3-b92f-d3d7ed909085,,,CLE,Bo Naylor,walks,0.38,,,,,,4.0,,,,,,,,,,,,
batter,75ab0f75-3023-56e3-b92f-d3d7ed909085,,,CLE,David Fry,hits,0.86,,,,,,5.0,,,,,,,,,,,,
batter,75ab0f75-3023-56e3-b92f-d3d7ed909085,,,CLE,David Fry,strikeouts,0.97,,,,,,5.0,,,,,,,,,,,,
batter,75ab0f75-3023-56e3-b92f-d3d7ed909085,,,CLE,David Fry,walks,0.33,,,,,,5.0,,,,,,,,,,,,
batter,75ab0f75-3023-56e3-b92f-d3d7ed909085,,,CLE,José Ramírez,hits,0.98,,,,,,6.0,,,,,,,,,,,,
batter,75ab0f75-3023-56e3-b92f-d3d7ed909085,,,CLE,José Ramírez,strikeouts,0.52,,,,,,6.0,,,,,,,,,,,,
batter,75ab0f75-3023-56e3-b92f-d3d7ed909085,,,CLE,José Ramírez,walks,0.38,,,,,,6.0,,,,,,,,,,,,
batter,75ab0f75-3023-56e3-b92f-d3d7ed909085,,,CLE,Steven Kwan,hits,0.95,,,,,,7.0,,,,,,,,,,,,
batter,75ab0f75-3023-56e3-b92f-d3d7ed909085,,,CLE,Steven Kwan,strikeouts,0.4,,,,,,7.0,,,,,,,,,,,,
batter,75ab0f75-3023-56e3-b92f-d3d7ed909085,,,CLE,Steven Kwan,walks,0.38,,,,,,7.0,,,,,,,,,,,,
batter,75ab0f75-3023-56e3-b92f-d3d7ed909085,,,CLE,Angel Martínez,hits,0.83,,,,,,8.0,,,,,,,,,,,,
batter,75ab0f75-3023-56e3-b92f-d3d7ed909085,,,CLE,Angel Martínez,strikeouts,0.76,,,,,,8.0,,,,,,,,,,,,
batter,75ab0f75-3023-56e3-b92f-d3d7ed909085,,,CLE,Angel Martínez,walks,0.26,,,,,,8.0,,,,,,,,,,,,
batter,75ab0f75-3023-56e3-b92f-d3d7ed909085,,,CLE,Rhys Hoskins,hits,0.69,,,,,,9.0,,,,,,,,,,,,
batter,75ab0f75-3023-56e3-b92f-d3d7ed909085,,,CLE,Rhys Hoskins,strikeouts,0.94,,,,,,9.0,,,,,,,,,,,,
batter,75ab0f75-3023-56e3-b92f-d3d7ed909085,,,CLE,Rhys Hoskins,walks,0.46,,,,,,9.0,,,,,,,,,,,,
batter,d2745978-743a-5c37-baa1-a5327e351844,,,SLN,Nolan Gorman,hits,0.85,,,,,,1.0,,,,,,,,,,,,
batter,d2745978-743a-5c37-baa1-a5327e351844,,,SLN,Nolan Gorman,strikeouts,1.32,,,,,,1.0,,,,,,,,,,,,
batter,d2745978-743a-5c37-baa1-a5327e351844,,,SLN,Nolan Gorman,walks,0.44,,,,,,1.0,,,,,,,,,,,,
batter,d2745978-743a-5c37-baa1-a5327e351844,,,SLN,Jordan Walker,hits,0.89,,,,,,2.0,,,,,,,,,,,,
batter,d2745978-743a-5c37-baa1-a5327e351844,,,SLN,Jordan Walker,strikeouts,1.06,,,,,,2.0,,,,,,,,,,,,
batter,d2745978-743a-5c37-baa1-a5327e351844,,,SLN,Jordan Walker,walks,0.34,,,,,,2.0,,,,,,,,,,,,
batter,d2745978-743a-5c37-baa1-a5327e351844,,,SLN,Nathan Church,hits,0.84,,,,,,3.0,,,,,,,,,,,,
batter,d2745978-743a-5c37-baa1-a5327e351844,,,SLN,Nathan Church,strikeouts,1.0,,,,,,3.0,,,,,,,,,,,,
batter,d2745978-743a-5c37-baa1-a5327e351844,,,SLN,Nathan Church,walks,0.27,,,,,,3.0,,,,,,,,,,,,
batter,d2745978-743a-5c37-baa1-a5327e351844,,,SLN,Victor Scott II,hits,0.81,,,,,,4.0,,,,,,,,,,,,
batter,d2745978-743a-5c37-baa1-a5327e351844,,,SLN,Victor Scott II,strikeouts,0.93,,,,,,4.0,,,,,,,,,,,,
batter,d2745978-743a-5c37-baa1-a5327e351844,,,SLN,Victor Scott II,walks,0.33,,,,,,4.0,,,,,,,,,,,,
batter,d2745978-743a-5c37-baa1-a5327e351844,,,SLN,JJ Wetherholt,hits,0.82,,,,,,5.0,,,,,,,,,,,,
batter,d2745978-743a-5c37-baa1-a5327e351844,,,SLN,JJ Wetherholt,strikeouts,0.86,,,,,,5.0,,,,,,,,,,,,
batter,d2745978-743a-5c37-baa1-a5327e351844,,,SLN,JJ Wetherholt,walks,0.32,,,,,,5.0,,,,,,,,,,,,
batter,d2745978-743a-5c37-baa1-a5327e351844,,,SLN,Alec Burleson,hits,0.9,,,,,,6.0,,,,,,,,,,,,
batter,d2745978-743a-5c37-baa1-a5327e351844,,,SLN,Alec Burleson,strikeouts,0.54,,,,,,6.0,,,,,,,,,,,,
batter,d2745978-743a-5c37-baa1-a5327e351844,,,SLN,Alec Burleson,walks,0.28,,,,,,6.0,,,,,,,,,,,,
batter,d2745978-743a-5c37-baa1-a5327e351844,,,SLN,Pedro Pagés,hits,0.73,,,,,,7.0,,,,,,,,,,,,
batter,d2745978-743a-5c37-baa1-a5327e351844,,,SLN,Pedro Pagés,strikeouts,0.94,,,,,,7.0,,,,,,,,,,,,
batter,d2745978-743a-5c37-baa1-a5327e351844,,,SLN,Pedro Pagés,walks,0.24,,,,,,7.0,,,,,,,,,,,,
batter,d2745978-743a-5c37-baa1-a5327e351844,,,SLN,Masyn Winn,hits,0.81,,,,,,8.0,,,,,,,,,,,,
batter,d2745978-743a-5c37-baa1-a5327e351844,,,SLN,Masyn Winn,strikeouts,0.69,,,,,,8.0,,,,,,,,,,,,
batter,d2745978-743a-5c37-baa1-a5327e351844,,,SLN,Masyn Winn,walks,0.3,,,,,,8.0,,,,,,,,,,,,
batter,d2745978-743a-5c37-baa1-a5327e351844,,,SLN,Iván Herrera,hits,0.77,,,,,,9.0,,,,,,,,,,,,
batter,d2745978-743a-5c37-baa1-a5327e351844,,,SLN,Iván Herrera,strikeouts,0.89,,,,,,9.0,,,,,,,,,,,,
batter,d2745978-743a-5c37-baa1-a5327e351844,,,SLN,Iván Herrera,walks,0.39,,,,,,9.0,,,,,,,,,,,,
batter,d2745978-743a-5c37-baa1-a5327e351844,,,MIL,Luis Rengifo,hits,1.05,,,,,,1.0,,,,,,,,,,,,
batter,d2745978-743a-5c37-baa1-a5327e351844,,,MIL,Luis Rengifo,strikeouts,0.7,,,,,,1.0,,,,,,,,,,,,
batter,d2745978-743a-5c37-baa1-a5327e351844,,,MIL,Luis Rengifo,walks,0.31,,,,,,1.0,,,,,,,,,,,,
batter,d2745978-743a-5c37-baa1-a5327e351844,,,MIL,Jackson Chourio,hits,1.1,,,,,,2.0,,,,,,,,,,,,
batter,d2745978-743a-5c37-baa1-a5327e351844,,,MIL,Jackson Chourio,strikeouts,0.8,,,,,,2.0,,,,,,,,,,,,
batter,d2745978-743a-5c37-baa1-a5327e351844,,,MIL,Jackson Chourio,walks,0.31,,,,,,2.0,,,,,,,,,,,,
batter,d2745978-743a-5c37-baa1-a5327e351844,,,MIL,Jake Bauers,hits,0.91,,,,,,3.0,,,,,,,,,,,,
batter,d2745978-743a-5c37-baa1-a5327e351844,,,MIL,Jake Bauers,strikeouts,0.99,,,,,,3.0,,,,,,,,,,,,
batter,d2745978-743a-5c37-baa1-a5327e351844,,,MIL,Jake Bauers,walks,0.52,,,,,,3.0,,,,,,,,,,,,
batter,d2745978-743a-5c37-baa1-a5327e351844,,,MIL,Sal Frelick,hits,1.01,,,,,,4.0,,,,,,,,,,,,
batter,d2745978-743a-5c37-baa1-a5327e351844,,,MIL,Sal Frelick,strikeouts,0.54,,,,,,4.0,,,,,,,,,,,,
batter,d2745978-743a-5c37-baa1-a5327e351844,,,MIL,Sal Frelick,walks,0.41,,,,,,4.0,,,,,,,,,,,,
batter,d2745978-743a-5c37-baa1-a5327e351844,,,MIL,Andrew Vaughn,hits,0.93,,,,,,5.0,,,,,,,,,,,,
batter,d2745978-743a-5c37-baa1-a5327e351844,,,MIL,Andrew Vaughn,strikeouts,0.8,,,,,,5.0,,,,,,,,,,,,
batter,d2745978-743a-5c37-baa1-a5327e351844,,,MIL,Andrew Vaughn,walks,0.29,,,,,,5.0,,,,,,,,,,,,
batter,d2745978-743a-5c37-baa1-a5327e351844,,,MIL,Tyler Black,hits,0.82,,,,,,6.0,,,,,,,,,,,,
batter,d2745978-743a-5c37-baa1-a5327e351844,,,MIL,Tyler Black,strikeouts,0.99,,,,,,6.0,,,,,,,,,,,,
batter,d2745978-743a-5c37-baa1-a5327e351844,,,MIL,Tyler Black,walks,0.4,,,,,,6.0,,,,,,,,,,,,
batter,d2745978-743a-5c37-baa1-a5327e351844,,,MIL,Garrett Mitchell,hits,0.83,,,,,,7.0,,,,,,,,,,,,
batter,d2745978-743a-5c37-baa1-a5327e351844,,,MIL,Garrett Mitchell,strikeouts,1.06,,,,,,7.0,,,,,,,,,,,,
batter,d2745978-743a-5c37-baa1-a5327e351844,,,MIL,Garrett Mitchell,walks,0.45,,,,,,7.0,,,,,,,,,,,,
batter,d2745978-743a-5c37-baa1-a5327e351844,,,MIL,David Hamilton,hits,0.77,,,,,,8.0,,,,,,,,,,,,
batter,d2745978-743a-5c37-baa1-a5327e351844,,,MIL,David Hamilton,strikeouts,0.76,,,,,,8.0,,,,,,,,,,,,
batter,d2745978-743a-5c37-baa1-a5327e351844,,,MIL,David Hamilton,walks,0.29,,,,,,8.0,,,,,,,,,,,,
batter,d2745978-743a-5c37-baa1-a5327e351844,,,MIL,William Contreras,hits,0.83,,,,,,9.0,,,,,,,,,,,,
batter,d2745978-743a-5c37-baa1-a5327e351844,,,MIL,William Contreras,strikeouts,0.77,,,,,,9.0,,,,,,,,,,,,
batter,d2745978-743a-5c37-baa1-a5327e351844,,,MIL,William Contreras,walks,0.44,,,,,,9.0,,,,,,,,,,,,
batter,46d0303b-6ebe-555e-89cb-6806f7255158,,,HOU,Isaac Paredes,hits,0.82,,,,,,1.0,,,,,,,,,,,,
batter,46d0303b-6ebe-555e-89cb-6806f7255158,,,HOU,Isaac Paredes,strikeouts,0.84,,,,,,1.0,,,,,,,,,,,,
batter,46d0303b-6ebe-555e-89cb-6806f7255158,,,HOU,Isaac Paredes,walks,0.45,,,,,,1.0,,,,,,,,,,,,
batter,46d0303b-6ebe-555e-89cb-6806f7255158,,,HOU,Cam Smith,hits,0.8,,,,,,2.0,,,,,,,,,,,,
batter,46d0303b-6ebe-555e-89cb-6806f7255158,,,HOU,Cam Smith,strikeouts,1.19,,,,,,2.0,,,,,,,,,,,,
batter,46d0303b-6ebe-555e-89cb-6806f7255158,,,HOU,Cam Smith,walks,0.34,,,,,,2.0,,,,,,,,,,,,
batter,46d0303b-6ebe-555e-89cb-6806f7255158,,,HOU,Braden Shewmake,hits,0.83,,,,,,3.0,,,,,,,,,,,,
batter,46d0303b-6ebe-555e-89cb-6806f7255158,,,HOU,Braden Shewmake,strikeouts,0.71,,,,,,3.0,,,,,,,,,,,,
batter,46d0303b-6ebe-555e-89cb-6806f7255158,,,HOU,Braden Shewmake,walks,0.22,,,,,,3.0,,,,,,,,,,,,
batter,46d0303b-6ebe-555e-89cb-6806f7255158,,,HOU,Zach Cole,hits,0.71,,,,,,4.0,,,,,,,,,,,,
batter,46d0303b-6ebe-555e-89cb-6806f7255158,,,HOU,Zach Cole,strikeouts,1.35,,,,,,4.0,,,,,,,,,,,,
batter,46d0303b-6ebe-555e-89cb-6806f7255158,,,HOU,Zach Cole,walks,0.4,,,,,,4.0,,,,,,,,,,,,
batter,46d0303b-6ebe-555e-89cb-6806f7255158,,,HOU,Brice Matthews,hits,0.69,,,,,,5.0,,,,,,,,,,,,
batter,46d0303b-6ebe-555e-89cb-6806f7255158,,,HOU,Brice Matthews,strikeouts,1.3,,,,,,5.0,,,,,,,,,,,,
batter,46d0303b-6ebe-555e-89cb-6806f7255158,,,HOU,Brice Matthews,walks,0.26,,,,,,5.0,,,,,,,,,,,,
batter,46d0303b-6ebe-555e-89cb-6806f7255158,,,HOU,Jose Altuve,hits,0.84,,,,,,6.0,,,,,,,,,,,,
batter,46d0303b-6ebe-555e-89cb-6806f7255158,,,HOU,Jose Altuve,strikeouts,0.68,,,,,,6.0,,,,,,,,,,,,
batter,46d0303b-6ebe-555e-89cb-6806f7255158,,,HOU,Jose Altuve,walks,0.4,,,,,,6.0,,,,,,,,,,,,
batter,46d0303b-6ebe-555e-89cb-6806f7255158,,,HOU,Carlos Correa,hits,0.74,,,,,,7.0,,,,,,,,,,,,
batter,46d0303b-6ebe-555e-89cb-6806f7255158,,,HOU,Carlos Correa,strikeouts,0.95,,,,,,7.0,,,,,,,,,,,,
batter,46d0303b-6ebe-555e-89cb-6806f7255158,,,HOU,Carlos Correa,walks,0.43,,,,,,7.0,,,,,,,,,,,,
batter,46d0303b-6ebe-555e-89cb-6806f7255158,,,HOU,Christian Walker,hits,0.69,,,,,,8.0,,,,,,,,,,,,
batter,46d0303b-6ebe-555e-89cb-6806f7255158,,,HOU,Christian Walker,strikeouts,1.02,,,,,,8.0,,,,,,,,,,,,
batter,46d0303b-6ebe-555e-89cb-6806f7255158,,,HOU,Christian Walker,walks,0.37,,,,,,8.0,,,,,,,,,,,,
batter,46d0303b-6ebe-555e-89cb-6806f7255158,,,HOU,Christian Vázquez,hits,0.68,,,,,,9.0,,,,,,,,,,,,
batter,46d0303b-6ebe-555e-89cb-6806f7255158,,,HOU,Christian Vázquez,strikeouts,0.76,,,,,,9.0,,,,,,,,,,,,
batter,46d0303b-6ebe-555e-89cb-6806f7255158,,,HOU,Christian Vázquez,walks,0.21,,,,,,9.0,,,,,,,,,,,,
batter,46d0303b-6ebe-555e-89cb-6806f7255158,,,LAN,Will Smith,hits,1.01,,,,,,1.0,,,,,,,,,,,,
batter,46d0303b-6ebe-555e-89cb-6806f7255158,,,LAN,Will Smith,strikeouts,0.79,,,,,,1.0,,,,,,,,,,,,
batter,46d0303b-6ebe-555e-89cb-6806f7255158,,,LAN,Will Smith,walks,0.48,,,,,,1.0,,,,,,,,,,,,
batter,46d0303b-6ebe-555e-89cb-6806f7255158,,,LAN,Kyle Tucker,hits,1.01,,,,,,2.0,,,,,,,,,,,,
batter,46d0303b-6ebe-555e-89cb-6806f7255158,,,LAN,Kyle Tucker,strikeouts,0.67,,,,,,2.0,,,,,,,,,,,,
batter,46d0303b-6ebe-555e-89cb-6806f7255158,,,LAN,Kyle Tucker,walks,0.45,,,,,,2.0,,,,,,,,,,,,
batter,46d0303b-6ebe-555e-89cb-6806f7255158,,,LAN,Max Muncy,hits,0.9,,,,,,3.0,,,,,,,,,,,,
batter,46d0303b-6ebe-555e-89cb-6806f7255158,,,LAN,Max Muncy,strikeouts,0.99,,,,,,3.0,,,,,,,,,,,,
batter,46d0303b-6ebe-555e-89cb-6806f7255158,,,LAN,Max Muncy,walks,0.6,,,,,,3.0,,,,,,,,,,,,
batter,46d0303b-6ebe-555e-89cb-6806f7255158,,,LAN,Freddie Freeman,hits,1.08,,,,,,4.0,,,,,,,,,,,,
batter,46d0303b-6ebe-555e-89cb-6806f7255158,,,LAN,Freddie Freeman,strikeouts,0.73,,,,,,4.0,,,,,,,,,,,,
batter,46d0303b-6ebe-555e-89cb-6806f7255158,,,LAN,Freddie Freeman,walks,0.5,,,,,,4.0,,,,,,,,,,,,
batter,46d0303b-6ebe-555e-89cb-6806f7255158,,,LAN,Hyeseong Kim,hits,0.93,,,,,,5.0,,,,,,,,,,,,
batter,46d0303b-6ebe-555e-89cb-6806f7255158,,,LAN,Hyeseong Kim,strikeouts,1.0,,,,,,5.0,,,,,,,,,,,,
batter,46d0303b-6ebe-555e-89cb-6806f7255158,,,LAN,Hyeseong Kim,walks,0.25,,,,,,5.0,,,,,,,,,,,,
batter,46d0303b-6ebe-555e-89cb-6806f7255158,,,LAN,Shohei Ohtani,hits,0.93,,,,,,6.0,,,,,,,,,,,,
batter,46d0303b-6ebe-555e-89cb-6806f7255158,,,LAN,Shohei Ohtani,strikeouts,1.05,,,,,,6.0,,,,,,,,,,,,
batter,46d0303b-6ebe-555e-89cb-6806f7255158,,,LAN,Shohei Ohtani,walks,0.54,,,,,,6.0,,,,,,,,,,,,
batter,46d0303b-6ebe-555e-89cb-6806f7255158,,,LAN,Teoscar Hernández,hits,0.89,,,,,,7.0,,,,,,,,,,,,
batter,46d0303b-6ebe-555e-89cb-6806f7255158,,,LAN,Teoscar Hernández,strikeouts,1.03,,,,,,7.0,,,,,,,,,,,,
batter,46d0303b-6ebe-555e-89cb-6806f7255158,,,LAN,Teoscar Hernández,walks,0.33,,,,,,7.0,,,,,,,,,,,,
batter,46d0303b-6ebe-555e-89cb-6806f7255158,,,LAN,Andy Pages,hits,0.89,,,,,,8.0,,,,,,,,,,,,
batter,46d0303b-6ebe-555e-89cb-6806f7255158,,,LAN,Andy Pages,strikeouts,0.8,,,,,,8.0,,,,,,,,,,,,
batter,46d0303b-6ebe-555e-89cb-6806f7255158,,,LAN,Andy Pages,walks,0.26,,,,,,8.0,,,,,,,,,,,,
batter,46d0303b-6ebe-555e-89cb-6806f7255158,,,LAN,Alex Freeland,hits,0.67,,,,,,9.0,,,,,,,,,,,,
batter,46d0303b-6ebe-555e-89cb-6806f7255158,,,LAN,Alex Freeland,strikeouts,1.12,,,,,,9.0,,,,,,,,,,,,
batter,46d0303b-6ebe-555e-89cb-6806f7255158,,,LAN,Alex Freeland,walks,0.31,,,,,,9.0,,,,,,,,,,,,
batter,75333f6b-fbae-58cb-8da2-fed3456c1d04,,,ANA,Adam Frazier,hits,1.03,,,,,,1.0,,,,,,,,,,,,
batter,75333f6b-fbae-58cb-8da2-fed3456c1d04,,,ANA,Adam Frazier,strikeouts,0.57,,,,,,1.0,,,,,,,,,,,,
batter,75333f6b-fbae-58cb-8da2-fed3456c1d04,,,ANA,Adam Frazier,walks,0.38,,,,,,1.0,,,,,,,,,,,,
batter,75333f6b-fbae-58cb-8da2-fed3456c1d04,,,ANA,Oswald Peraza,hits,0.94,,,,,,2.0,,,,,,,,,,,,
batter,75333f6b-fbae-58cb-8da2-fed3456c1d04,,,ANA,Oswald Peraza,strikeouts,0.92,,,,,,2.0,,,,,,,,,,,,
batter,75333f6b-fbae-58cb-8da2-fed3456c1d04,,,ANA,Oswald Peraza,walks,0.34,,,,,,2.0,,,,,,,,,,,,
batter,75333f6b-fbae-58cb-8da2-fed3456c1d04,,,ANA,Zach Neto,hits,0.97,,,,,,3.0,,,,,,,,,,,,
batter,75333f6b-fbae-58cb-8da2-fed3456c1d04,,,ANA,Zach Neto,strikeouts,0.89,,,,,,3.0,,,,,,,,,,,,
batter,75333f6b-fbae-58cb-8da2-fed3456c1d04,,,ANA,Zach Neto,walks,0.34,,,,,,3.0,,,,,,,,,,,,
batter,75333f6b-fbae-58cb-8da2-fed3456c1d04,,,ANA,Jorge Soler,hits,0.84,,,,,,4.0,,,,,,,,,,,,
batter,75333f6b-fbae-58cb-8da2-fed3456c1d04,,,ANA,Jorge Soler,strikeouts,1.09,,,,,,4.0,,,,,,,,,,,,
batter,75333f6b-fbae-58cb-8da2-fed3456c1d04,,,ANA,Jorge Soler,walks,0.51,,,,,,4.0,,,,,,,,,,,,
batter,75333f6b-fbae-58cb-8da2-fed3456c1d04,,,ANA,Yoán Moncada,hits,0.86,,,,,,5.0,,,,,,,,,,,,
batter,75333f6b-fbae-58cb-8da2-fed3456c1d04,,,ANA,Yoán Moncada,strikeouts,1.05,,,,,,5.0,,,,,,,,,,,,
batter,75333f6b-fbae-58cb-8da2-fed3456c1d04,,,ANA,Yoán Moncada,walks,0.45,,,,,,5.0,,,,,,,,,,,,
batter,75333f6b-fbae-58cb-8da2-fed3456c1d04,,,ANA,Travis d'Arnaud,hits,0.89,,,,,,6.0,,,,,,,,,,,,
batter,75333f6b-fbae-58cb-8da2-fed3456c1d04,,,ANA,Travis d'Arnaud,strikeouts,0.81,,,,,,6.0,,,,,,,,,,,,
batter,75333f6b-fbae-58cb-8da2-fed3456c1d04,,,ANA,Travis d'Arnaud,walks,0.32,,,,,,6.0,,,,,,,,,,,,
batter,75333f6b-fbae-58cb-8da2-fed3456c1d04,,,ANA,Mike Trout,hits,0.84,,,,,,7.0,,,,,,,,,,,,
batter,75333f6b-fbae-58cb-8da2-fed3456c1d04,,,ANA,Mike Trout,strikeouts,0.87,,,,,,7.0,,,,,,,,,,,,
batter,75333f6b-fbae-58cb-8da2-fed3456c1d04,,,ANA,Mike Trout,walks,0.72,,,,,,7.0,,,,,,,,,,,,
batter,75333f6b-fbae-58cb-8da2-fed3456c1d04,,,ANA,Jo Adell,hits,0.79,,,,,,8.0,,,,,,,,,,,,
batter,75333f6b-fbae-58cb-8da2-fed3456c1d04,,,ANA,Jo Adell,strikeouts,0.91,,,,,,8.0,,,,,,,,,,,,
batter,75333f6b-fbae-58cb-8da2-fed3456c1d04,,,ANA,Jo Adell,walks,0.3,,,,,,8.0,,,,,,,,,,,,
batter,75333f6b-fbae-58cb-8da2-fed3456c1d04,,,ANA,Nolan Schanuel,hits,0.82,,,,,,9.0,,,,,,,,,,,,
batter,75333f6b-fbae-58cb-8da2-fed3456c1d04,,,ANA,Nolan Schanuel,strikeouts,0.56,,,,,,9.0,,,,,,,,,,,,
batter,75333f6b-fbae-58cb-8da2-fed3456c1d04,,,ANA,Nolan Schanuel,walks,0.4,,,,,,9.0,,,,,,,,,,,,
batter,75333f6b-fbae-58cb-8da2-fed3456c1d04,,,CHA,Tristan Peters,hits,0.91,,,,,,1.0,,,,,,,,,,,,
batter,75333f6b-fbae-58cb-8da2-fed3456c1d04,,,CHA,Tristan Peters,strikeouts,1.25,,,,,,1.0,,,,,,,,,,,,
batter,75333f6b-fbae-58cb-8da2-fed3456c1d04,,,CHA,Tristan Peters,walks,0.33,,,,,,1.0,,,,,,,,,,,,
batter,75333f6b-fbae-58cb-8da2-fed3456c1d04,,,CHA,Randal Grichuk,hits,0.98,,,,,,2.0,,,,,,,,,,,,
batter,75333f6b-fbae-58cb-8da2-fed3456c1d04,,,CHA,Randal Grichuk,strikeouts,1.12,,,,,,2.0,,,,,,,,,,,,
batter,75333f6b-fbae-58cb-8da2-fed3456c1d04,,,CHA,Randal Grichuk,walks,0.34,,,,,,2.0,,,,,,,,,,,,
batter,75333f6b-fbae-58cb-8da2-fed3456c1d04,,,CHA,Munetaka Murakami,hits,0.93,,,,,,3.0,,,,,,,,,,,,
batter,75333f6b-fbae-58cb-8da2-fed3456c1d04,,,CHA,Munetaka Murakami,strikeouts,0.93,,,,,,3.0,,,,,,,,,,,,
batter,75333f6b-fbae-58cb-8da2-fed3456c1d04,,,CHA,Munetaka Murakami,walks,0.45,,,,,,3.0,,,,,,,,,,,,
batter,75333f6b-fbae-58cb-8da2-fed3456c1d04,,,CHA,Chase Meidroth,hits,0.95,,,,,,4.0,,,,,,,,,,,,
batter,75333f6b-fbae-58cb-8da2-fed3456c1d04,,,CHA,Chase Meidroth,strikeouts,0.69,,,,,,4.0,,,,,,,,,,,,
batter,75333f6b-fbae-58cb-8da2-fed3456c1d04,,,CHA,Chase Meidroth,walks,0.52,,,,,,4.0,,,,,,,,,,,,
batter,75333f6b-fbae-58cb-8da2-fed3456c1d04,,,CHA,Colson Montgomery,hits,0.84,,,,,,5.0,,,,,,,,,,,,
batter,75333f6b-fbae-58cb-8da2-fed3456c1d04,,,CHA,Colson Montgomery,strikeouts,1.18,,,,,,5.0,,,,,,,,,,,,
batter,75333f6b-fbae-58cb-8da2-fed3456c1d04,,,CHA,Colson Montgomery,walks,0.46,,,,,,5.0,,,,,,,,,,,,
batter,75333f6b-fbae-58cb-8da2-fed3456c1d04,,,CHA,Drew Romo,hits,0.77,,,,,,6.0,,,,,,,,,,,,
batter,75333f6b-fbae-58cb-8da2-fed3456c1d04,,,CHA,Drew Romo,strikeouts,1.19,,,,,,6.0,,,,,,,,,,,,
batter,75333f6b-fbae-58cb-8da2-fed3456c1d04,,,CHA,Drew Romo,walks,0.27,,,,,,6.0,,,,,,,,,,,,
batter,75333f6b-fbae-58cb-8da2-fed3456c1d04,,,CHA,Andrew Benintendi,hits,0.87,,,,,,7.0,,,,,,,,,,,,
batter,75333f6b-fbae-58cb-8da2-fed3456c1d04,,,CHA,Andrew Benintendi,strikeouts,0.9,,,,,,7.0,,,,,,,,,,,,
batter,75333f6b-fbae-58cb-8da2-fed3456c1d04,,,CHA,Andrew Benintendi,walks,0.46,,,,,,7.0,,,,,,,,,,,,
batter,75333f6b-fbae-58cb-8da2-fed3456c1d04,,,CHA,Sam Antonacci,hits,0.8,,,,,,8.0,,,,,,,,,,,,
batter,75333f6b-fbae-58cb-8da2-fed3456c1d04,,,CHA,Sam Antonacci,strikeouts,0.86,,,,,,8.0,,,,,,,,,,,,
batter,75333f6b-fbae-58cb-8da2-fed3456c1d04,,,CHA,Sam Antonacci,walks,0.33,,,,,,8.0,,,,,,,,,,,,
batter,75333f6b-fbae-58cb-8da2-fed3456c1d04,,,CHA,Jarred Kelenic,hits,0.71,,,,,,9.0,,,,,,,,,,,,
batter,75333f6b-fbae-58cb-8da2-fed3456c1d04,,,CHA,Jarred Kelenic,strikeouts,1.13,,,,,,9.0,,,,,,,,,,,,
batter,75333f6b-fbae-58cb-8da2-fed3456c1d04,,,CHA,Jarred Kelenic,walks,0.38,,,,,,9.0,,,,,,,,,,,,
batter,cb2680c9-3880-59c6-905f-7098d5d6540f,,,SEA,Josh Naylor,hits,1.02,,,,,,1.0,,,,,,,,,,,,
batter,cb2680c9-3880-59c6-905f-7098d5d6540f,,,SEA,Josh Naylor,strikeouts,0.67,,,,,,1.0,,,,,,,,,,,,
batter,cb2680c9-3880-59c6-905f-7098d5d6540f,,,SEA,Josh Naylor,walks,0.34,,,,,,1.0,,,,,,,,,,,,
batter,cb2680c9-3880-59c6-905f-7098d5d6540f,,,SEA,Cole Young,hits,0.89,,,,,,2.0,,,,,,,,,,,,
batter,cb2680c9-3880-59c6-905f-7098d5d6540f,,,SEA,Cole Young,strikeouts,0.73,,,,,,2.0,,,,,,,,,,,,
batter,cb2680c9-3880-59c6-905f-7098d5d6540f,,,SEA,Cole Young,walks,0.45,,,,,,2.0,,,,,,,,,,,,
batter,cb2680c9-3880-59c6-905f-7098d5d6540f,,,SEA,Randy Arozarena,hits,0.86,,,,,,3.0,,,,,,,,,,,,
batter,cb2680c9-3880-59c6-905f-7098d5d6540f,,,SEA,Randy Arozarena,strikeouts,1.06,,,,,,3.0,,,,,,,,,,,,
batter,cb2680c9-3880-59c6-905f-7098d5d6540f,,,SEA,Randy Arozarena,walks,0.46,,,,,,3.0,,,,,,,,,,,,
batter,cb2680c9-3880-59c6-905f-7098d5d6540f,,,SEA,J.P. Crawford,hits,0.84,,,,,,4.0,,,,,,,,,,,,
batter,cb2680c9-3880-59c6-905f-7098d5d6540f,,,SEA,J.P. Crawford,strikeouts,0.74,,,,,,4.0,,,,,,,,,,,,
batter,cb2680c9-3880-59c6-905f-7098d5d6540f,,,SEA,J.P. Crawford,walks,0.54,,,,,,4.0,,,,,,,,,,,,
batter,cb2680c9-3880-59c6-905f-7098d5d6540f,,,SEA,Dominic Canzone,hits,0.82,,,,,,5.0,,,,,,,,,,,,
batter,cb2680c9-3880-59c6-905f-7098d5d6540f,,,SEA,Dominic Canzone,strikeouts,0.85,,,,,,5.0,,,,,,,,,,,,
batter,cb2680c9-3880-59c6-905f-7098d5d6540f,,,SEA,Dominic Canzone,walks,0.31,,,,,,5.0,,,,,,,,,,,,
batter,cb2680c9-3880-59c6-905f-7098d5d6540f,,,SEA,Connor Joe,hits,0.8,,,,,,6.0,,,,,,,,,,,,
batter,cb2680c9-3880-59c6-905f-7098d5d6540f,,,SEA,Connor Joe,strikeouts,0.84,,,,,,6.0,,,,,,,,,,,,
batter,cb2680c9-3880-59c6-905f-7098d5d6540f,,,SEA,Connor Joe,walks,0.45,,,,,,6.0,,,,,,,,,,,,
batter,cb2680c9-3880-59c6-905f-7098d5d6540f,,,SEA,Rob Refsnyder,hits,0.79,,,,,,7.0,,,,,,,,,,,,
batter,cb2680c9-3880-59c6-905f-7098d5d6540f,,,SEA,Rob Refsnyder,strikeouts,0.89,,,,,,7.0,,,,,,,,,,,,
batter,cb2680c9-3880-59c6-905f-7098d5d6540f,,,SEA,Rob Refsnyder,walks,0.39,,,,,,7.0,,,,,,,,,,,,
batter,cb2680c9-3880-59c6-905f-7098d5d6540f,,,SEA,Mitch Garver,hits,0.72,,,,,,8.0,,,,,,,,,,,,
batter,cb2680c9-3880-59c6-905f-7098d5d6540f,,,SEA,Mitch Garver,strikeouts,0.94,,,,,,8.0,,,,,,,,,,,,
batter,cb2680c9-3880-59c6-905f-7098d5d6540f,,,SEA,Mitch Garver,walks,0.43,,,,,,8.0,,,,,,,,,,,,
batter,cb2680c9-3880-59c6-905f-7098d5d6540f,,,SEA,Leo Rivas,hits,0.68,,,,,,9.0,,,,,,,,,,,,
batter,cb2680c9-3880-59c6-905f-7098d5d6540f,,,SEA,Leo Rivas,strikeouts,0.81,,,,,,9.0,,,,,,,,,,,,
batter,cb2680c9-3880-59c6-905f-7098d5d6540f,,,SEA,Leo Rivas,walks,0.41,,,,,,9.0,,,,,,,,,,,,
batter,cb2680c9-3880-59c6-905f-7098d5d6540f,,,ATL,Jorge Mateo,hits,0.88,,,,,,1.0,,,,,,,,,,,,
batter,cb2680c9-3880-59c6-905f-7098d5d6540f,,,ATL,Jorge Mateo,strikeouts,1.09,,,,,,1.0,,,,,,,,,,,,
batter,cb2680c9-3880-59c6-905f-7098d5d6540f,,,ATL,Jorge Mateo,walks,0.21,,,,,,1.0,,,,,,,,,,,,
batter,cb2680c9-3880-59c6-905f-7098d5d6540f,,,ATL,Mauricio Dubón,hits,0.93,,,,,,2.0,,,,,,,,,,,,
batter,cb2680c9-3880-59c6-905f-7098d5d6540f,,,ATL,Mauricio Dubón,strikeouts,0.68,,,,,,2.0,,,,,,,,,,,,
batter,cb2680c9-3880-59c6-905f-7098d5d6540f,,,ATL,Mauricio Dubón,walks,0.19,,,,,,2.0,,,,,,,,,,,,
batter,cb2680c9-3880-59c6-905f-7098d5d6540f,,,ATL,Drake Baldwin,hits,0.9,,,,,,3.0,,,,,,,,,,,,
batter,cb2680c9-3880-59c6-905f-7098d5d6540f,,,ATL,Drake Baldwin,strikeouts,0.86,,,,,,3.0,,,,,,,,,,,,
batter,cb2680c9-3880-59c6-905f-7098d5d6540f,,,ATL,Drake Baldwin,walks,0.35,,,,,,3.0,,,,,,,,,,,,
batter,cb2680c9-3880-59c6-905f-7098d5d6540f,,,ATL,Matt Olson,hits,0.84,,,,,,4.0,,,,,,,,,,,,
batter,cb2680c9-3880-59c6-905f-7098d5d6540f,,,ATL,Matt Olson,strikeouts,1.19,,,,,,4.0,,,,,,,,,,,,
batter,cb2680c9-3880-59c6-905f-7098d5d6540f,,,ATL,Matt Olson,walks,0.53,,,,,,4.0,,,,,,,,,,,,
batter,cb2680c9-3880-59c6-905f-7098d5d6540f,,,ATL,Sean Murphy,hits,0.75,,,,,,5.0,,,,,,,,,,,,
batter,cb2680c9-3880-59c6-905f-7098d5d6540f,,,ATL,Sean Murphy,strikeouts,1.1,,,,,,5.0,,,,,,,,,,,,
batter,cb2680c9-3880-59c6-905f-7098d5d6540f,,,ATL,Sean Murphy,walks,0.34,,,,,,5.0,,,,,,,,,,,,
batter,cb2680c9-3880-59c6-905f-7098d5d6540f,,,ATL,Eli White,hits,0.7,,,,,,6.0,,,,,,,,,,,,
batter,cb2680c9-3880-59c6-905f-7098d5d6540f,,,ATL,Eli White,strikeouts,1.18,,,,,,6.0,,,,,,,,,,,,
batter,cb2680c9-3880-59c6-905f-7098d5d6540f,,,ATL,Eli White,walks,0.23,,,,,,6.0,,,,,,,,,,,,
batter,cb2680c9-3880-59c6-905f-7098d5d6540f,,,ATL,Ozzie Albies,hits,0.83,,,,,,7.0,,,,,,,,,,,,
batter,cb2680c9-3880-59c6-905f-7098d5d6540f,,,ATL,Ozzie Albies,strikeouts,0.78,,,,,,7.0,,,,,,,,,,,,
batter,cb2680c9-3880-59c6-905f-7098d5d6540f,,,ATL,Ozzie Albies,walks,0.28,,,,,,7.0,,,,,,,,,,,,
batter,cb2680c9-3880-59c6-905f-7098d5d6540f,,,ATL,Austin Riley,hits,0.76,,,,,,8.0,,,,,,,,,,,,
batter,cb2680c9-3880-59c6-905f-7098d5d6540f,,,ATL,Austin Riley,strikeouts,1.18,,,,,,8.0,,,,,,,,,,,,
batter,cb2680c9-3880-59c6-905f-7098d5d6540f,,,ATL,Austin Riley,walks,0.27,,,,,,8.0,,,,,,,,,,,,
batter,cb2680c9-3880-59c6-905f-7098d5d6540f,,,ATL,Mike Yastrzemski,hits,0.66,,,,,,9.0,,,,,,,,,,,,
batter,cb2680c9-3880-59c6-905f-7098d5d6540f,,,ATL,Mike Yastrzemski,strikeouts,1.02,,,,,,9.0,,,,,,,,,,,,
batter,cb2680c9-3880-59c6-905f-7098d5d6540f,,,ATL,Mike Yastrzemski,walks,0.31,,,,,,9.0,,,,,,,,,,,,
batter,5b7cf12a-b2f8-5af7-a4fb-a7704b8e864f,,,SFN,Casey Schmitt,hits,0.99,,,,,,1.0,,,,,,,,,,,,
batter,5b7cf12a-b2f8-5af7-a4fb-a7704b8e864f,,,SFN,Casey Schmitt,strikeouts,0.79,,,,,,1.0,,,,,,,,,,,,
batter,5b7cf12a-b2f8-5af7-a4fb-a7704b8e864f,,,SFN,Casey Schmitt,walks,0.31,,,,,,1.0,,,,,,,,,,,,
batter,5b7cf12a-b2f8-5af7-a4fb-a7704b8e864f,,,SFN,Heliot Ramos,hits,1.07,,,,,,2.0,,,,,,,,,,,,
batter,5b7cf12a-b2f8-5af7-a4fb-a7704b8e864f,,,SFN,Heliot Ramos,strikeouts,0.89,,,,,,2.0,,,,,,,,,,,,
batter,5b7cf12a-b2f8-5af7-a4fb-a7704b8e864f,,,SFN,Heliot Ramos,walks,0.38,,,,,,2.0,,,,,,,,,,,,
batter,5b7cf12a-b2f8-5af7-a4fb-a7704b8e864f,,,SFN,Jesus Rodriguez,hits,0.95,,,,,,3.0,,,,,,,,,,,,
batter,5b7cf12a-b2f8-5af7-a4fb-a7704b8e864f,,,SFN,Jesus Rodriguez,strikeouts,0.78,,,,,,3.0,,,,,,,,,,,,
batter,5b7cf12a-b2f8-5af7-a4fb-a7704b8e864f,,,SFN,Jesus Rodriguez,walks,0.32,,,,,,3.0,,,,,,,,,,,,
batter,5b7cf12a-b2f8-5af7-a4fb-a7704b8e864f,,,SFN,Patrick Bailey,hits,0.93,,,,,,4.0,,,,,,,,,,,,
batter,5b7cf12a-b2f8-5af7-a4fb-a7704b8e864f,,,SFN,Patrick Bailey,strikeouts,0.91,,,,,,4.0,,,,,,,,,,,,
batter,5b7cf12a-b2f8-5af7-a4fb-a7704b8e864f,,,SFN,Patrick Bailey,walks,0.34,,,,,,4.0,,,,,,,,,,,,
batter,5b7cf12a-b2f8-5af7-a4fb-a7704b8e864f,,,SFN,Drew Gilbert,hits,0.91,,,,,,5.0,,,,,,,,,,,,
batter,5b7cf12a-b2f8-5af7-a4fb-a7704b8e864f,,,SFN,Drew Gilbert,strikeouts,0.66,,,,,,5.0,,,,,,,,,,,,
batter,5b7cf12a-b2f8-5af7-a4fb-a7704b8e864f,,,SFN,Drew Gilbert,walks,0.28,,,,,,5.0,,,,,,,,,,,,
batter,5b7cf12a-b2f8-5af7-a4fb-a7704b8e864f,,,SFN,Jung Hoo Lee,hits,0.99,,,,,,6.0,,,,,,,,,,,,
batter,5b7cf12a-b2f8-5af7-a4fb-a7704b8e864f,,,SFN,Jung Hoo Lee,strikeouts,0.4,,,,,,6.0,,,,,,,,,,,,
batter,5b7cf12a-b2f8-5af7-a4fb-a7704b8e864f,,,SFN,Jung Hoo Lee,walks,0.3,,,,,,6.0,,,,,,,,,,,,
batter,5b7cf12a-b2f8-5af7-a4fb-a7704b8e864f,,,SFN,Rafael Devers,hits,0.93,,,,,,7.0,,,,,,,,,,,,
batter,5b7cf12a-b2f8-5af7-a4fb-a7704b8e864f,,,SFN,Rafael Devers,strikeouts,0.78,,,,,,7.0,,,,,,,,,,,,
batter,5b7cf12a-b2f8-5af7-a4fb-a7704b8e864f,,,SFN,Rafael Devers,walks,0.41,,,,,,7.0,,,,,,,,,,,,
batter,5b7cf12a-b2f8-5af7-a4fb-a7704b8e864f,,,SFN,Willy Adames,hits,0.81,,,,,,8.0,,,,,,,,,,,,
batter,5b7cf12a-b2f8-5af7-a4fb-a7704b8e864f,,,SFN,Willy Adames,strikeouts,0.93,,,,,,8.0,,,,,,,,,,,,
batter,5b7cf12a-b2f8-5af7-a4fb-a7704b8e864f,,,SFN,Willy Adames,walks,0.42,,,,,,8.0,,,,,,,,,,,,
batter,5b7cf12a-b2f8-5af7-a4fb-a7704b8e864f,,,SFN,Luis Arraez,hits,0.91,,,,,,9.0,,,,,,,,,,,,
batter,5b7cf12a-b2f8-5af7-a4fb-a7704b8e864f,,,SFN,Luis Arraez,strikeouts,0.33,,,,,,9.0,,,,,,,,,,,,
batter,5b7cf12a-b2f8-5af7-a4fb-a7704b8e864f,,,SFN,Luis Arraez,walks,0.23,,,,,,9.0,,,,,,,,,,,,
batter,5b7cf12a-b2f8-5af7-a4fb-a7704b8e864f,,,SDN,Freddy Fermin,hits,0.97,,,,,,1.0,,,,,,,,,,,,
batter,5b7cf12a-b2f8-5af7-a4fb-a7704b8e864f,,,SDN,Freddy Fermin,strikeouts,0.9,,,,,,1.0,,,,,,,,,,,,
batter,5b7cf12a-b2f8-5af7-a4fb-a7704b8e864f,,,SDN,Freddy Fermin,walks,0.23,,,,,,1.0,,,,,,,,,,,,
batter,5b7cf12a-b2f8-5af7-a4fb-a7704b8e864f,,,SDN,Jackson Merrill,hits,1.05,,,,,,2.0,,,,,,,,,,,,
batter,5b7cf12a-b2f8-5af7-a4fb-a7704b8e864f,,,SDN,Jackson Merrill,strikeouts,0.91,,,,,,2.0,,,,,,,,,,,,
batter,5b7cf12a-b2f8-5af7-a4fb-a7704b8e864f,,,SDN,Jackson Merrill,walks,0.22,,,,,,2.0,,,,,,,,,,,,
batter,5b7cf12a-b2f8-5af7-a4fb-a7704b8e864f,,,SDN,Gavin Sheets,hits,0.86,,,,,,3.0,,,,,,,,,,,,
batter,5b7cf12a-b2f8-5af7-a4fb-a7704b8e864f,,,SDN,Gavin Sheets,strikeouts,0.93,,,,,,3.0,,,,,,,,,,,,
batter,5b7cf12a-b2f8-5af7-a4fb-a7704b8e864f,,,SDN,Gavin Sheets,walks,0.27,,,,,,3.0,,,,,,,,,,,,
batter,5b7cf12a-b2f8-5af7-a4fb-a7704b8e864f,,,SDN,Ramón Laureano,hits,0.87,,,,,,4.0,,,,,,,,,,,,
batter,5b7cf12a-b2f8-5af7-a4fb-a7704b8e864f,,,SDN,Ramón Laureano,strikeouts,1.15,,,,,,4.0,,,,,,,,,,,,
batter,5b7cf12a-b2f8-5af7-a4fb-a7704b8e864f,,,SDN,Ramón Laureano,walks,0.25,,,,,,4.0,,,,,,,,,,,,
batter,5b7cf12a-b2f8-5af7-a4fb-a7704b8e864f,,,SDN,Manny Machado,hits,0.94,,,,,,5.0,,,,,,,,,,,,
batter,5b7cf12a-b2f8-5af7-a4fb-a7704b8e864f,,,SDN,Manny Machado,strikeouts,0.86,,,,,,5.0,,,,,,,,,,,,
batter,5b7cf12a-b2f8-5af7-a4fb-a7704b8e864f,,,SDN,Manny Machado,walks,0.35,,,,,,5.0,,,,,,,,,,,,
batter,5b7cf12a-b2f8-5af7-a4fb-a7704b8e864f,,,SDN,Miguel Andujar,hits,0.9,,,,,,6.0,,,,,,,,,,,,
batter,5b7cf12a-b2f8-5af7-a4fb-a7704b8e864f,,,SDN,Miguel Andujar,strikeouts,0.77,,,,,,6.0,,,,,,,,,,,,
batter,5b7cf12a-b2f8-5af7-a4fb-a7704b8e864f,,,SDN,Miguel Andujar,walks,0.18,,,,,,6.0,,,,,,,,,,,,
batter,5b7cf12a-b2f8-5af7-a4fb-a7704b8e864f,,,SDN,Fernando Tatis Jr.,hits,0.83,,,,,,7.0,,,,,,,,,,,,
batter,5b7cf12a-b2f8-5af7-a4fb-a7704b8e864f,,,SDN,Fernando Tatis Jr.,strikeouts,1.1,,,,,,7.0,,,,,,,,,,,,
batter,5b7cf12a-b2f8-5af7-a4fb-a7704b8e864f,,,SDN,Fernando Tatis Jr.,walks,0.35,,,,,,7.0,,,,,,,,,,,,
batter,5b7cf12a-b2f8-5af7-a4fb-a7704b8e864f,,,SDN,Xander Bogaerts,hits,0.81,,,,,,8.0,,,,,,,,,,,,
batter,5b7cf12a-b2f8-5af7-a4fb-a7704b8e864f,,,SDN,Xander Bogaerts,strikeouts,0.82,,,,,,8.0,,,,,,,,,,,,
batter,5b7cf12a-b2f8-5af7-a4fb-a7704b8e864f,,,SDN,Xander Bogaerts,walks,0.33,,,,,,8.0,,,,,,,,,,,,
batter,5b7cf12a-b2f8-5af7-a4fb-a7704b8e864f,,,SDN,Jake Cronenworth,hits,0.71,,,,,,9.0,,,,,,,,,,,,
batter,5b7cf12a-b2f8-5af7-a4fb-a7704b8e864f,,,SDN,Jake Cronenworth,strikeouts,0.83,,,,,,9.0,,,,,,,,,,,,
batter,5b7cf12a-b2f8-5af7-a4fb-a7704b8e864f,,,SDN,Jake Cronenworth,walks,0.3,,,,,,9.0,,,,,,,,,,,,
